parallelism,max_num_seqs,request_rate,run_id,file,request_throughput,output_throughput,total_throughput,mean_ttft_ms,p99_ttft_ms,mean_tpot_ms,p99_tpot_ms,mean_queue_time_ms,completed,failed,cold_start_s,vllm_version,timestamp
baseline_1gpu,16,1.0,1,results/raw/baseline_1gpu-max-num-seqs-16-rate-1-run-1.json,0.4704585272701486,470.4585272701486,672.7556939963124,10548.387842419996,32193.45112012998,27.575542301881892,29.413142707267365,,50,0,96.07410597801208,0.30.0,2026-09-27T04:36:58.868501+00:00
baseline_1gpu,16,1.0,2,results/raw/baseline_1gpu-max-num-seqs-16-rate-1-run-2.json,0.4695846219009044,469.5846219009044,671.5060093182933,10609.175766719994,32321.569973770016,27.602776814314314,29.33893392026029,,50,0,96.07410597801208,0.30.0,2026-09-27T04:39:12.240214+00:00
baseline_1gpu,16,1.0,warmup,results/raw/baseline_1gpu-max-num-seqs-16-rate-1-run-warmup.json,0.43694906368342157,436.9490636834215,624.8371610672928,13791.57354162,44763.761775790066,28.420497468248254,31.37169741001005,,50,0,96.07410597801208,0.30.0,2026-09-27T04:34:46.614399+00:00
baseline_1gpu,16,2.0,1,results/raw/baseline_1gpu-max-num-seqs-16-rate-2-run-1.json,0.47536433335338596,475.364333353386,679.770996695342,20869.456208819993,58941.631962440064,27.924520614154147,29.360420131291345,,50,0,96.07410597801208,0.30.0,2026-09-27T04:43:37.862242+00:00
baseline_1gpu,16,2.0,2,results/raw/baseline_1gpu-max-num-seqs-16-rate-2-run-2.json,0.4754613059739583,475.4613059739583,679.9096675427604,20858.214564399987,58855.00609404992,27.903885301701706,29.367132608999025,,50,0,96.07410597801208,0.30.0,2026-09-27T04:45:50.750818+00:00
baseline_1gpu,16,2.0,warmup,results/raw/baseline_1gpu-max-num-seqs-16-rate-2-run-warmup.json,0.4750305596445867,475.03055964458673,679.293700291759,20876.729079560017,58939.19752765001,27.934232072272252,29.373238353163053,,50,0,96.07410597801208,0.30.0,2026-09-27T04:41:25.082927+00:00
baseline_1gpu,16,3.0,1,results/raw/baseline_1gpu-max-num-seqs-16-rate-3-run-1.json,0.47774044660314885,477.7404466031488,683.1688386425028,24297.727487280023,67902.51018820003,28.009180904204193,29.231923530300225,,50,0,96.07410597801208,0.30.0,2026-09-27T04:50:15.034603+00:00
baseline_1gpu,16,3.0,2,results/raw/baseline_1gpu-max-num-seqs-16-rate-3-run-2.json,0.47737233025062914,477.37233025062915,682.6424322583996,24344.376232119983,67929.91925222997,28.02177928108107,29.321807278458582,,50,0,96.07410597801208,0.30.0,2026-09-27T04:52:27.257234+00:00
baseline_1gpu,16,3.0,warmup,results/raw/baseline_1gpu-max-num-seqs-16-rate-3-run-warmup.json,0.478140839633377,478.140839633377,683.7414006757291,24269.3417786,67803.58734047005,27.98124222222223,29.22504434170182,,50,0,96.07410597801208,0.30.0,2026-09-27T04:48:02.978336+00:00
baseline_1gpu,160,1.0,1,results/raw/baseline_1gpu-max-num-seqs-160-rate-1-run-1.json,0.565486020891573,565.4860208915729,808.6450098749493,103.38196861997858,149.79403374011778,38.17126302818826,43.22661984054017,,50,0,120.09218430519104,0.30.0,2026-09-27T05:31:32.012938+00:00
baseline_1gpu,160,1.0,2,results/raw/baseline_1gpu-max-num-seqs-160-rate-1-run-2.json,0.5663481075546536,566.3481075546536,809.8777938031546,104.02754890003052,152.0980922400122,38.12825167057055,43.02711306201141,,50,0,120.09218430519104,0.30.0,2026-09-27T05:33:27.166904+00:00
baseline_1gpu,160,1.0,warmup,results/raw/baseline_1gpu-max-num-seqs-160-rate-1-run-warmup.json,0.5287432109066075,528.7432109066075,756.1027915964487,1257.032639959998,5485.184964020181,50.406261037777796,56.084789287136935,,50,0,120.09218430519104,0.30.0,2026-09-27T05:29:36.824941+00:00
baseline_1gpu,160,2.0,1,results/raw/baseline_1gpu-max-num-seqs-160-rate-2-run-1.json,0.6797006646955522,679.7006646955522,971.9719505146396,105.23248538003827,164.52277758025957,47.109269643663666,51.130985538178,,50,0,120.09218430519104,0.30.0,2026-09-27T05:36:47.854058+00:00
baseline_1gpu,160,2.0,2,results/raw/baseline_1gpu-max-num-seqs-160-rate-2-run-2.json,0.6794254478042034,679.4254478042035,971.578390360011,101.8912604000252,158.47681163043487,47.12655079653654,51.16038679269316,,50,0,120.09218430519104,0.30.0,2026-09-27T05:38:28.225571+00:00
baseline_1gpu,160,2.0,warmup,results/raw/baseline_1gpu-max-num-seqs-160-rate-2-run-warmup.json,0.67969760668529,679.69760668529,971.9675775599648,104.44423282004209,166.17812837015663,47.21410043743737,51.16550206016042,,50,0,120.09218430519104,0.30.0,2026-09-27T05:35:07.822993+00:00
baseline_1gpu,160,3.0,1,results/raw/baseline_1gpu-max-num-seqs-160-rate-3-run-1.json,0.7269811790261999,726.9811790261999,1039.583086007466,97.86462976000621,144.8188116798974,50.51547126952959,53.58487137718747,,50,0,120.09218430519104,0.30.0,2026-09-27T05:41:38.918644+00:00
baseline_1gpu,160,3.0,2,results/raw/baseline_1gpu-max-num-seqs-160-rate-3-run-2.json,0.7264525545932812,726.4525545932812,1038.8271530683921,98.82793197995852,149.6390442298889,50.502945977577596,53.60832022722725,,50,0,120.09218430519104,0.30.0,2026-09-27T05:43:14.506413+00:00
baseline_1gpu,160,3.0,warmup,results/raw/baseline_1gpu-max-num-seqs-160-rate-3-run-warmup.json,0.7268885135643701,726.8885135643701,1039.4505743970492,99.91525564011681,143.31137772025613,50.48507014394388,53.57493627082102,,50,0,120.09218430519104,0.30.0,2026-09-27T05:40:03.565501+00:00
baseline_1gpu,64,1.0,1,results/raw/baseline_1gpu-max-num-seqs-64-rate-1-run-1.json,0.5662139170185732,566.2139170185732,809.6859013365596,104.80583060004392,150.60610377010562,38.11084332494493,43.09286794810806,,50,0,74.056711435318,0.30.0,2026-09-27T05:13:44.079921+00:00
baseline_1gpu,64,1.0,2,results/raw/baseline_1gpu-max-num-seqs-64-rate-1-run-2.json,0.5669498993234864,566.9498993234863,810.7383560325854,106.74391663999813,144.83495883005162,38.12553198984983,42.839317826666324,,50,0,74.056711435318,0.30.0,2026-09-27T05:15:39.864529+00:00
baseline_1gpu,64,1.0,warmup,results/raw/baseline_1gpu-max-num-seqs-64-rate-1-run-warmup.json,0.5576125955020415,557.6125955020415,797.3860115679192,176.0817591400064,289.9009692100753,39.328738885465484,44.706972530930926,,50,0,74.056711435318,0.30.0,2026-09-27T05:11:48.226045+00:00
baseline_1gpu,64,2.0,1,results/raw/baseline_1gpu-max-num-seqs-64-rate-2-run-1.json,0.6794247975591596,679.4247975591596,971.5774605095982,104.37829879993842,167.3082906200716,47.215884658578595,51.20569591262274,,50,0,74.056711435318,0.30.0,2026-09-27T05:19:00.578862+00:00
baseline_1gpu,64,2.0,2,results/raw/baseline_1gpu-max-num-seqs-64-rate-2-run-2.json,0.6789938052300818,678.9938052300818,970.961141479017,106.49228336001215,169.4783143498944,47.1619575337738,51.20039504107111,,50,0,74.056711435318,0.30.0,2026-09-27T05:20:41.127870+00:00
baseline_1gpu,64,2.0,warmup,results/raw/baseline_1gpu-max-num-seqs-64-rate-2-run-warmup.json,0.6796992120910507,679.6992120910506,971.9698732902024,105.04440690001502,163.0104301001529,47.28153330018015,51.19390487292294,,50,0,74.056711435318,0.30.0,2026-09-27T05:17:19.672474+00:00
baseline_1gpu,64,3.0,1,results/raw/baseline_1gpu-max-num-seqs-64-rate-3-run-1.json,0.7267222345458282,726.7222345458282,1039.2127954005343,96.5031659199758,149.796581210021,50.46865497173176,53.59335653749758,,50,0,74.056711435318,0.30.0,2026-09-27T05:23:53.129463+00:00
baseline_1gpu,64,3.0,2,results/raw/baseline_1gpu-max-num-seqs-64-rate-3-run-2.json,0.7270307184689121,727.0307184689121,1039.6539274105444,98.28272239998114,142.0773930200221,50.47859949053052,53.57430933729745,,50,0,74.056711435318,0.30.0,2026-09-27T05:25:29.274589+00:00
baseline_1gpu,64,3.0,warmup,results/raw/baseline_1gpu-max-num-seqs-64-rate-3-run-warmup.json,0.7261864944616898,726.1864944616898,1038.4466870802164,98.6369382599787,147.38719326002862,50.56302512702702,53.643742345825714,,50,0,74.056711435318,0.30.0,2026-09-27T05:22:16.996057+00:00
pipeline_parallel_2gpu,16,1.0,1,results/raw/pipeline_parallel_2gpu-max-num-seqs-16-rate-1-run-1.json,0.5063779581624689,506.37795816246893,724.1204801723305,7861.2772182600565,25389.822220239574,24.96299548088079,26.13347510580587,,50,0,132.11762523651123,0.30.0,2026-09-27T06:36:48.544764+00:00
pipeline_parallel_2gpu,16,1.0,2,results/raw/pipeline_parallel_2gpu-max-num-seqs-16-rate-1-run-2.json,0.5080994369666025,508.09943696660247,726.5821948622415,7843.562144079806,25345.18000367994,24.940659098018248,26.144768611501057,,50,0,132.11762523651123,0.30.0,2026-09-27T06:38:53.855175+00:00
pipeline_parallel_2gpu,16,1.0,warmup,results/raw/pipeline_parallel_2gpu-max-num-seqs-16-rate-1-run-warmup.json,0.4552565292291793,455.2565292291793,651.0168367977263,12505.762656659972,38942.91116590015,26.26216337237238,33.263715990560236,,50,0,132.11762523651123,0.30.0,2026-09-27T06:34:42.847664+00:00
pipeline_parallel_2gpu,16,2.0,1,results/raw/pipeline_parallel_2gpu-max-num-seqs-16-rate-2-run-1.json,0.5092757733632155,509.2757733632155,728.2643559093981,17862.212434999965,51041.25212903075,25.20487877879883,26.1809248070969,,50,0,132.11762523651123,0.30.0,2026-09-27T06:43:04.476233+00:00
pipeline_parallel_2gpu,16,2.0,2,results/raw/pipeline_parallel_2gpu-max-num-seqs-16-rate-2-run-2.json,0.5093601465274966,509.3601465274967,728.3850095343203,17598.858919579798,50216.72183402981,24.972231133253267,25.95493751490421,,50,0,132.11762523651123,0.30.0,2026-09-27T06:45:09.775478+00:00
pipeline_parallel_2gpu,16,2.0,warmup,results/raw/pipeline_parallel_2gpu-max-num-seqs-16-rate-2-run-warmup.json,0.5067911931036114,506.79119310361136,724.7114061381643,17791.442537460025,50780.67217584012,25.14878261211208,26.12489361413419,,50,0,132.11762523651123,0.30.0,2026-09-27T06:40:59.132304+00:00
pipeline_parallel_2gpu,16,3.0,1,results/raw/pipeline_parallel_2gpu-max-num-seqs-16-rate-3-run-1.json,0.5071822710975503,507.18227109755037,725.270647669497,21098.7423570799,59335.91339614958,25.211434924284344,26.005739050320315,,50,0,132.11762523651123,0.30.0,2026-09-27T06:49:20.799559+00:00
pipeline_parallel_2gpu,16,3.0,2,results/raw/pipeline_parallel_2gpu-max-num-seqs-16-rate-3-run-2.json,0.5065310729974171,506.531072997417,724.3394343863064,21122.418668759892,59442.62311318871,25.2506738994796,26.010055949128958,,50,0,132.11762523651123,0.30.0,2026-09-27T06:51:26.756415+00:00
pipeline_parallel_2gpu,16,3.0,warmup,results/raw/pipeline_parallel_2gpu-max-num-seqs-16-rate-3-run-warmup.json,0.5081141923376433,508.1141923376433,726.6032950428299,21116.621614539945,59446.893629829785,25.234019069449406,25.992095164414746,,50,0,132.11762523651123,0.30.0,2026-09-27T06:47:15.071286+00:00
pipeline_parallel_2gpu,160,1.0,1,results/raw/pipeline_parallel_2gpu-max-num-seqs-160-rate-1-run-1.json,0.6432646485850784,643.2646485850784,919.868447476662,69.62557891984034,91.71630087899756,28.204904917497544,30.51963682604599,,50,0,132.11443257331848,0.30.0,2026-09-27T07:13:30.278617+00:00
pipeline_parallel_2gpu,160,1.0,2,results/raw/pipeline_parallel_2gpu-max-num-seqs-160-rate-1-run-2.json,0.6462121647139474,646.2121647139475,924.0833955409448,68.34775854007603,83.34156951021214,27.979291681121218,30.00382401171206,,50,0,132.11443257331848,0.30.0,2026-09-27T07:15:14.590114+00:00
pipeline_parallel_2gpu,160,1.0,warmup,results/raw/pipeline_parallel_2gpu-max-num-seqs-160-rate-1-run-warmup.json,0.595540572251518,595.540572251518,851.6230183196707,1326.534228640121,5346.412382968519,42.24914594742735,48.27602263161182,,50,0,132.11443257331848,0.30.0,2026-09-27T07:11:45.708836+00:00
pipeline_parallel_2gpu,160,2.0,1,results/raw/pipeline_parallel_2gpu-max-num-seqs-160-rate-2-run-1.json,0.8249855553085041,824.9855553085041,1179.729344091161,70.91119686014281,108.75359574036337,35.422197253893785,38.05377174923852,,50,0,132.11443257331848,0.30.0,2026-09-27T07:18:09.723994+00:00
pipeline_parallel_2gpu,160,2.0,2,results/raw/pipeline_parallel_2gpu-max-num-seqs-160-rate-2-run-2.json,0.8250582277129848,825.0582277129847,1179.8332656295681,71.59995002013602,102.61572000996239,35.2998679942542,37.987533681482596,,50,0,132.11443257331848,0.30.0,2026-09-27T07:19:37.360043+00:00
pipeline_parallel_2gpu,160,2.0,warmup,results/raw/pipeline_parallel_2gpu-max-num-seqs-160-rate-2-run-warmup.json,0.8228720926017125,822.8720926017126,1176.7070924204488,73.19629809990147,106.08812323012897,35.71266807343335,38.330632143893816,,50,0,132.11443257331848,0.30.0,2026-09-27T07:16:42.433081+00:00
pipeline_parallel_2gpu,160,3.0,1,results/raw/pipeline_parallel_2gpu-max-num-seqs-160-rate-3-run-1.json,0.9065077655363901,906.5077655363901,1296.306104717038,69.41611852009373,96.73404587962065,37.7709622160761,39.845093589708696,,50,0,132.11443257331848,0.30.0,2026-09-27T07:22:22.159622+00:00
pipeline_parallel_2gpu,160,3.0,2,results/raw/pipeline_parallel_2gpu-max-num-seqs-160-rate-3-run-2.json,0.9059950042077889,905.9950042077888,1295.572856017138,67.2780451599101,90.31636163053918,37.777489272692605,39.822367525205564,,50,0,132.11443257331848,0.30.0,2026-09-27T07:23:44.259059+00:00
pipeline_parallel_2gpu,160,3.0,warmup,results/raw/pipeline_parallel_2gpu-max-num-seqs-160-rate-3-run-warmup.json,0.9049939311232637,904.9939311232637,1294.141321506267,68.54610887996387,101.90060119908593,37.89249874744741,39.96217357652609,,50,0,132.11443257331848,0.30.0,2026-09-27T07:20:59.575984+00:00
pipeline_parallel_2gpu,64,1.0,1,results/raw/pipeline_parallel_2gpu-max-num-seqs-64-rate-1-run-1.json,0.6422542059178004,642.2542059178004,918.4235144624546,69.20408517999022,90.65305929956591,28.24444926856871,30.562088777468222,,50,0,134.1282844543457,0.30.0,2026-09-27T06:57:19.332542+00:00
pipeline_parallel_2gpu,64,1.0,2,results/raw/pipeline_parallel_2gpu-max-num-seqs-64-rate-1-run-2.json,0.6425439640926627,642.5439640926627,918.8378686525077,70.80525343997579,88.85453084041728,28.32476214782761,30.73214569371332,,50,0,134.1282844543457,0.30.0,2026-09-27T06:59:04.739796+00:00
pipeline_parallel_2gpu,64,1.0,warmup,results/raw/pipeline_parallel_2gpu-max-num-seqs-64-rate-1-run-warmup.json,0.6224223329519605,622.4223329519605,890.0639361213035,740.1097312200727,4472.421699600599,35.0940219356755,41.353967453703135,,50,0,134.1282844543457,0.30.0,2026-09-27T06:55:33.964128+00:00
pipeline_parallel_2gpu,64,2.0,1,results/raw/pipeline_parallel_2gpu-max-num-seqs-64-rate-2-run-1.json,0.8289910233769661,828.991023376966,1185.4571634290614,72.8050869001163,100.78070256950012,35.20961212654644,37.751900198298365,,50,0,134.1282844543457,0.30.0,2026-09-27T07:02:00.414394+00:00
pipeline_parallel_2gpu,64,2.0,2,results/raw/pipeline_parallel_2gpu-max-num-seqs-64-rate-2-run-2.json,0.8261197634364884,826.1197634364884,1181.3512617141782,72.99641888002952,113.42384856023273,35.1238790695895,37.819521088258355,,50,0,134.1282844543457,0.30.0,2026-09-27T07:03:28.215640+00:00
pipeline_parallel_2gpu,64,2.0,warmup,results/raw/pipeline_parallel_2gpu-max-num-seqs-64-rate-2-run-warmup.json,0.8302725667269952,830.2725667269953,1187.2897704196032,72.48408374005521,99.76284944896179,35.290578765345266,37.75299592750774,,50,0,134.1282844543457,0.30.0,2026-09-27T07:00:32.533967+00:00
pipeline_parallel_2gpu,64,3.0,1,results/raw/pipeline_parallel_2gpu-max-num-seqs-64-rate-3-run-1.json,0.9030491268498649,903.0491268498649,1291.360251395307,70.14778719993046,97.24706883986073,37.8727373467868,40.04078853087017,,50,0,134.1282844543457,0.30.0,2026-09-27T07:06:13.918625+00:00
pipeline_parallel_2gpu,64,3.0,2,results/raw/pipeline_parallel_2gpu-max-num-seqs-64-rate-3-run-2.json,0.9090308388125056,909.0308388125055,1299.914099501883,68.66759503998765,93.90042762897792,37.697190925825964,39.6924415972973,,50,0,134.1282844543457,0.30.0,2026-09-27T07:07:36.468601+00:00
pipeline_parallel_2gpu,64,3.0,warmup,results/raw/pipeline_parallel_2gpu-max-num-seqs-64-rate-3-run-warmup.json,0.906667833766247,906.6678337662471,1296.5350022857333,70.74825862022408,97.80219375092202,37.81792754374355,39.8343281130029,,50,0,134.1282844543457,0.30.0,2026-09-27T07:04:50.903901+00:00
tensor_parallel_2gpu,16,1.0,1,results/raw/tensor_parallel_2gpu-max-num-seqs-16-rate-1-run-1.json,0.6949069009333952,694.9069009333953,993.7168683347552,1260.281406979957,6330.449462000123,16.92218672266263,18.54134007159157,,50,0,142.12398648262024,0.30.0,2026-09-27T05:49:05.975515+00:00
tensor_parallel_2gpu,16,1.0,2,results/raw/tensor_parallel_2gpu-max-num-seqs-16-rate-1-run-2.json,0.696253068568194,696.253068568194,995.6418880525174,1301.4338193800722,6272.763143910351,17.063980993293256,18.464042309199215,,50,0,142.12398648262024,0.30.0,2026-09-27T05:50:45.193838+00:00
tensor_parallel_2gpu,16,1.0,warmup,results/raw/tensor_parallel_2gpu-max-num-seqs-16-rate-1-run-warmup.json,0.6462486952695223,646.2486952695223,924.1356342354169,3705.539969579986,14908.288236059825,18.261135857958074,24.460255460821163,,50,0,142.12398648262024,0.30.0,2026-09-27T05:47:27.110521+00:00
tensor_parallel_2gpu,16,2.0,1,results/raw/tensor_parallel_2gpu-max-num-seqs-16-rate-2-run-1.json,0.7423592828085745,742.3592828085746,1061.5737744162616,9583.281181340026,28199.24182689031,17.77105518416416,18.769105886136508,,50,0,142.12398648262024,0.30.0,2026-09-27T05:53:54.698144+00:00
tensor_parallel_2gpu,16,2.0,2,results/raw/tensor_parallel_2gpu-max-num-seqs-16-rate-2-run-2.json,0.7420995980614266,742.0995980614266,1061.20242522784,9593.917887459884,28247.50181180972,17.77480222236242,18.786995024354116,,50,0,142.12398648262024,0.30.0,2026-09-27T05:55:30.183661+00:00
tensor_parallel_2gpu,16,2.0,warmup,results/raw/tensor_parallel_2gpu-max-num-seqs-16-rate-2-run-warmup.json,0.7422659679306334,742.2659679306333,1061.4403341408056,9605.003742099943,28224.819114520367,17.773377029189195,18.7725457123323,,50,0,142.12398648262024,0.30.0,2026-09-27T05:52:19.815260+00:00
tensor_parallel_2gpu,16,3.0,1,results/raw/tensor_parallel_2gpu-max-num-seqs-16-rate-3-run-1.json,0.7491743112464975,749.1743112464975,1071.3192650824915,12964.293519499988,37077.978213210314,17.836805382922922,18.695006614644782,,50,0,142.12398648262024,0.30.0,2026-09-27T05:58:39.398823+00:00
tensor_parallel_2gpu,16,3.0,2,results/raw/tensor_parallel_2gpu-max-num-seqs-16-rate-3-run-2.json,0.749252083974843,749.252083974843,1071.4304800840255,12958.092521339986,37075.7554520398,17.83646219343344,18.70475221873833,,50,0,142.12398648262024,0.30.0,2026-09-27T06:00:14.218603+00:00
tensor_parallel_2gpu,16,3.0,warmup,results/raw/tensor_parallel_2gpu-max-num-seqs-16-rate-3-run-warmup.json,0.748821050686389,748.8210506863891,1070.8141024815363,12984.576027059993,37108.06881621008,17.846892984084146,18.712336678338126,,50,0,142.12398648262024,0.30.0,2026-09-27T05:57:04.994192+00:00
tensor_parallel_2gpu,160,1.0,1,results/raw/tensor_parallel_2gpu-max-num-seqs-160-rate-1-run-1.json,0.7293446771397707,729.3446771397707,1042.9628883098721,66.9542129999536,95.91381358970466,18.477461025465487,21.374697886786844,,50,0,148.1302366256714,0.30.0,2026-09-27T06:20:59.232691+00:00
tensor_parallel_2gpu,160,1.0,2,results/raw/tensor_parallel_2gpu-max-num-seqs-160-rate-1-run-2.json,0.7292771184043241,729.277118404324,1042.8662793181834,66.25302881991956,90.05092820978462,18.47651648518525,21.388863110020107,,50,0,148.1302366256714,0.30.0,2026-09-27T06:22:34.920817+00:00
tensor_parallel_2gpu,160,1.0,warmup,results/raw/tensor_parallel_2gpu-max-num-seqs-160-rate-1-run-warmup.json,0.690407290059649,690.407290059649,987.2824247852981,1355.9189204200266,6225.1188476898,30.260110073933895,41.40188510919903,,50,0,148.1302366256714,0.30.0,2026-09-27T06:19:24.154565+00:00
tensor_parallel_2gpu,160,2.0,1,results/raw/tensor_parallel_2gpu-max-num-seqs-160-rate-2-run-1.json,0.983490130931825,983.4901309318251,1406.3908872325098,75.33845515999928,111.89251164024427,25.420149612192223,28.328601265935934,,50,0,148.1302366256714,0.30.0,2026-09-27T06:25:10.158804+00:00
tensor_parallel_2gpu,160,2.0,2,results/raw/tensor_parallel_2gpu-max-num-seqs-160-rate-2-run-2.json,0.9839188357630578,983.9188357630578,1407.0039351411726,77.43704231996162,116.55946562004827,25.400066267487517,28.304129380500914,,50,0,148.1302366256714,0.30.0,2026-09-27T06:26:29.353760+00:00
tensor_parallel_2gpu,160,2.0,warmup,results/raw/tensor_parallel_2gpu-max-num-seqs-160-rate-2-run-warmup.json,0.9834310626851869,983.4310626851869,1406.3064196398172,74.67786873994555,112.44616842995127,25.5341661015215,28.414305950610917,,50,0,148.1302366256714,0.30.0,2026-09-27T06:23:52.674993+00:00
tensor_parallel_2gpu,160,3.0,1,results/raw/tensor_parallel_2gpu-max-num-seqs-160-rate-3-run-1.json,1.0905346379801748,1090.534637980175,1559.4645323116501,74.23327829999835,110.40629946033732,28.45881109867873,30.903724388919247,,50,0,148.1302366256714,0.30.0,2026-09-27T06:28:55.389545+00:00
tensor_parallel_2gpu,160,3.0,2,results/raw/tensor_parallel_2gpu-max-num-seqs-160-rate-3-run-2.json,1.090762270428353,1090.762270428353,1559.7900467125448,74.05323707993375,110.69650529975661,28.444595778498538,30.892195797017113,,50,0,148.1302366256714,0.30.0,2026-09-27T06:30:08.122463+00:00
tensor_parallel_2gpu,160,3.0,warmup,results/raw/tensor_parallel_2gpu-max-num-seqs-160-rate-3-run-warmup.json,1.090318449799413,1090.318449799413,1559.1553832131606,76.22949253989646,119.05310133994135,28.45690030058066,30.90202257067083,,50,0,148.1302366256714,0.30.0,2026-09-27T06:27:42.105188+00:00
tensor_parallel_2gpu,64,1.0,1,results/raw/tensor_parallel_2gpu-max-num-seqs-64-rate-1-run-1.json,0.7295390110715017,729.5390110715016,1043.2407858322472,67.34411867990275,96.18993117997887,18.452964387247295,21.372539155675863,,50,0,146.13111805915833,0.30.0,2026-09-27T06:06:00.023948+00:00
tensor_parallel_2gpu,64,1.0,2,results/raw/tensor_parallel_2gpu-max-num-seqs-64-rate-1-run-2.json,0.7296463684868003,729.6463684868003,1043.3943069361244,66.77541689998179,87.27276242006154,18.43417962320322,21.33725419376386,,50,0,146.13111805915833,0.30.0,2026-09-27T06:07:35.939660+00:00
tensor_parallel_2gpu,64,1.0,warmup,results/raw/tensor_parallel_2gpu-max-num-seqs-64-rate-1-run-warmup.json,0.7120581199739271,712.0581199739271,1018.2431115627159,954.9132622599609,6944.351378579885,23.882789150030074,32.93203053605614,,50,0,146.13111805915833,0.30.0,2026-09-27T06:04:23.679815+00:00
tensor_parallel_2gpu,64,2.0,1,results/raw/tensor_parallel_2gpu-max-num-seqs-64-rate-2-run-1.json,0.9845889101792863,984.5889101792864,1407.9621415563795,77.3039934600638,116.19107593047373,25.381188270290252,28.264732148698748,,50,0,146.13111805915833,0.30.0,2026-09-27T06:10:12.366912+00:00
tensor_parallel_2gpu,64,2.0,2,results/raw/tensor_parallel_2gpu-max-num-seqs-64-rate-2-run-2.json,0.9841161979347722,984.1161979347722,1407.2861630467244,77.84796616002495,112.52607890000036,25.395268786586612,28.295838872342262,,50,0,146.13111805915833,0.30.0,2026-09-27T06:11:30.360207+00:00
tensor_parallel_2gpu,64,2.0,warmup,results/raw/tensor_parallel_2gpu-max-num-seqs-64-rate-2-run-warmup.json,0.9842299091023453,984.2299091023453,1407.4487700163538,78.3279651200246,110.77000706000945,25.483813064104066,28.369850207837892,,50,0,146.13111805915833,0.30.0,2026-09-27T06:08:54.001417+00:00
tensor_parallel_2gpu,64,3.0,1,results/raw/tensor_parallel_2gpu-max-num-seqs-64-rate-3-run-1.json,1.0909731209070515,1090.9731209070515,1560.0915628970836,79.27214064000509,114.74665662025473,28.428024165545498,30.867578479038805,,50,0,146.13111805915833,0.30.0,2026-09-27T06:13:56.790628+00:00
tensor_parallel_2gpu,64,3.0,2,results/raw/tensor_parallel_2gpu-max-num-seqs-64-rate-3-run-2.json,1.091418380634874,1091.4183806348742,1560.72828430787,77.51642859995627,111.47323306970065,28.418911946786807,30.855957647457764,,50,0,146.13111805915833,0.30.0,2026-09-27T06:15:10.157174+00:00
tensor_parallel_2gpu,64,3.0,warmup,results/raw/tensor_parallel_2gpu-max-num-seqs-64-rate-3-run-warmup.json,1.0903438072293463,1090.3438072293463,1559.191644337965,80.1403271199706,127.55477809000692,28.438514767267346,30.891783878138256,,50,0,146.13111805915833,0.30.0,2026-09-27T06:12:43.842209+00:00
