timestamp,gpu_index,utilization_pct,memory_used_mib,memory_total_mib
2026-09-27T06:02:46.191583+00:00,0,0,12853,15360
2026-09-27T06:02:46.191583+00:00,1,0,12853,15360
2026-09-27T06:02:47.228838+00:00,0,0,12853,15360
2026-09-27T06:02:47.228838+00:00,1,0,12853,15360
2026-09-27T06:02:48.266938+00:00,0,0,12853,15360
2026-09-27T06:02:48.266938+00:00,1,0,12853,15360
2026-09-27T06:02:49.304910+00:00,0,0,12853,15360
2026-09-27T06:02:49.304910+00:00,1,0,12853,15360
2026-09-27T06:02:50.341840+00:00,0,0,12853,15360
2026-09-27T06:02:50.341840+00:00,1,0,12853,15360
2026-09-27T06:02:51.379573+00:00,0,0,12853,15360
2026-09-27T06:02:51.379573+00:00,1,0,12853,15360
2026-09-27T06:02:52.418016+00:00,0,0,12853,15360
2026-09-27T06:02:52.418016+00:00,1,0,12853,15360
2026-09-27T06:02:53.455107+00:00,0,0,12853,15360
2026-09-27T06:02:53.455107+00:00,1,0,12853,15360
2026-09-27T06:02:54.493356+00:00,0,0,12853,15360
2026-09-27T06:02:54.493356+00:00,1,0,12853,15360
2026-09-27T06:02:55.530512+00:00,0,0,12853,15360
2026-09-27T06:02:55.530512+00:00,1,0,12853,15360
2026-09-27T06:02:56.568829+00:00,0,0,12853,15360
2026-09-27T06:02:56.568829+00:00,1,0,12853,15360
2026-09-27T06:02:57.606203+00:00,0,0,12853,15360
2026-09-27T06:02:57.606203+00:00,1,0,12853,15360
2026-09-27T06:02:58.644272+00:00,0,0,12853,15360
2026-09-27T06:02:58.644272+00:00,1,0,12853,15360
2026-09-27T06:02:59.681860+00:00,0,0,12853,15360
2026-09-27T06:02:59.681860+00:00,1,0,12853,15360
2026-09-27T06:03:00.718939+00:00,0,0,12853,15360
2026-09-27T06:03:00.718939+00:00,1,0,12853,15360
2026-09-27T06:03:01.757188+00:00,0,0,12853,15360
2026-09-27T06:03:01.757188+00:00,1,0,12853,15360
2026-09-27T06:03:02.794439+00:00,0,0,12853,15360
2026-09-27T06:03:02.794439+00:00,1,0,12853,15360
2026-09-27T06:03:03.844895+00:00,0,0,12853,15360
2026-09-27T06:03:03.844895+00:00,1,0,12853,15360
2026-09-27T06:03:04.883045+00:00,0,0,12853,15360
2026-09-27T06:03:04.883045+00:00,1,0,12853,15360
2026-09-27T06:03:05.920801+00:00,0,0,12853,15360
2026-09-27T06:03:05.920801+00:00,1,0,12853,15360
2026-09-27T06:03:06.958602+00:00,0,0,12853,15360
2026-09-27T06:03:06.958602+00:00,1,0,12853,15360
2026-09-27T06:03:07.995795+00:00,0,0,12853,15360
2026-09-27T06:03:07.995795+00:00,1,0,12853,15360
2026-09-27T06:03:09.032964+00:00,0,0,12853,15360
2026-09-27T06:03:09.032964+00:00,1,0,12853,15360
2026-09-27T06:03:10.070481+00:00,0,0,12853,15360
2026-09-27T06:03:10.070481+00:00,1,0,12853,15360
2026-09-27T06:03:11.107790+00:00,0,0,12853,15360
2026-09-27T06:03:11.107790+00:00,1,0,12853,15360
2026-09-27T06:03:12.146061+00:00,0,0,12853,15360
2026-09-27T06:03:12.146061+00:00,1,0,12853,15360
2026-09-27T06:03:13.182888+00:00,0,0,12853,15360
2026-09-27T06:03:13.182888+00:00,1,0,12853,15360
2026-09-27T06:03:14.227838+00:00,0,0,12855,15360
2026-09-27T06:03:14.227838+00:00,1,0,12855,15360
2026-09-27T06:03:15.269791+00:00,0,0,12875,15360
2026-09-27T06:03:15.269791+00:00,1,0,12875,15360
2026-09-27T06:03:16.312872+00:00,0,54,12875,15360
2026-09-27T06:03:16.312872+00:00,1,55,12875,15360
2026-09-27T06:03:17.353984+00:00,0,0,12875,15360
2026-09-27T06:03:17.353984+00:00,1,0,12875,15360
2026-09-27T06:03:18.397624+00:00,0,0,12875,15360
2026-09-27T06:03:18.397624+00:00,1,0,12875,15360
2026-09-27T06:03:19.448925+00:00,0,37,12921,15360
2026-09-27T06:03:19.448925+00:00,1,0,12875,15360
2026-09-27T06:03:20.491777+00:00,0,76,12921,15360
2026-09-27T06:03:20.491777+00:00,1,100,12921,15360
2026-09-27T06:03:21.531123+00:00,0,0,12921,15360
2026-09-27T06:03:21.531123+00:00,1,0,12921,15360
2026-09-27T06:03:22.577730+00:00,0,0,12921,15360
2026-09-27T06:03:22.577730+00:00,1,0,12921,15360
2026-09-27T06:03:23.627970+00:00,0,33,12921,15360
2026-09-27T06:03:23.627970+00:00,1,0,12921,15360
2026-09-27T06:03:24.687144+00:00,0,99,12921,15360
2026-09-27T06:03:24.687144+00:00,1,99,12921,15360
2026-09-27T06:03:25.741461+00:00,0,99,12921,15360
2026-09-27T06:03:25.741461+00:00,1,99,12921,15360
2026-09-27T06:03:26.777573+00:00,0,0,12921,15360
2026-09-27T06:03:26.777573+00:00,1,0,12921,15360
2026-09-27T06:03:27.820399+00:00,0,0,12921,15360
2026-09-27T06:03:27.820399+00:00,1,0,12921,15360
2026-09-27T06:03:28.865629+00:00,0,0,12921,15360
2026-09-27T06:03:28.865629+00:00,1,0,12921,15360
2026-09-27T06:03:29.933815+00:00,0,100,12921,15360
2026-09-27T06:03:29.933815+00:00,1,99,12921,15360
2026-09-27T06:03:30.992311+00:00,0,100,12921,15360
2026-09-27T06:03:30.992311+00:00,1,100,12921,15360
2026-09-27T06:03:32.058783+00:00,0,100,12921,15360
2026-09-27T06:03:32.058783+00:00,1,100,12921,15360
2026-09-27T06:03:33.107640+00:00,0,100,12921,15360
2026-09-27T06:03:33.107640+00:00,1,99,12921,15360
2026-09-27T06:03:34.164638+00:00,0,100,12921,15360
2026-09-27T06:03:34.164638+00:00,1,100,12921,15360
2026-09-27T06:03:35.228847+00:00,0,100,12921,15360
2026-09-27T06:03:35.228847+00:00,1,100,12921,15360
2026-09-27T06:03:36.282803+00:00,0,100,12921,15360
2026-09-27T06:03:36.282803+00:00,1,100,12921,15360
2026-09-27T06:03:37.343089+00:00,0,100,12921,15360
2026-09-27T06:03:37.343089+00:00,1,100,12921,15360
2026-09-27T06:03:38.390784+00:00,0,100,12921,15360
2026-09-27T06:03:38.390784+00:00,1,100,12921,15360
2026-09-27T06:03:39.470794+00:00,0,100,12921,15360
2026-09-27T06:03:39.470794+00:00,1,100,12921,15360
2026-09-27T06:03:40.518731+00:00,0,100,12921,15360
2026-09-27T06:03:40.518731+00:00,1,100,12921,15360
2026-09-27T06:03:41.574312+00:00,0,100,12921,15360
2026-09-27T06:03:41.574312+00:00,1,100,12921,15360
2026-09-27T06:03:42.635296+00:00,0,100,12921,15360
2026-09-27T06:03:42.635296+00:00,1,100,12921,15360
2026-09-27T06:03:43.681871+00:00,0,100,12923,15360
2026-09-27T06:03:43.681871+00:00,1,100,12923,15360
2026-09-27T06:03:44.747826+00:00,0,100,12923,15360
2026-09-27T06:03:44.747826+00:00,1,100,12923,15360
2026-09-27T06:03:45.805244+00:00,0,100,12923,15360
2026-09-27T06:03:45.805244+00:00,1,100,12923,15360
2026-09-27T06:03:46.868399+00:00,0,100,12923,15360
2026-09-27T06:03:46.868399+00:00,1,100,12923,15360
2026-09-27T06:03:47.918957+00:00,0,100,12923,15360
2026-09-27T06:03:47.918957+00:00,1,100,12923,15360
2026-09-27T06:03:48.978620+00:00,0,100,12923,15360
2026-09-27T06:03:48.978620+00:00,1,100,12923,15360
2026-09-27T06:03:50.039147+00:00,0,100,12923,15360
2026-09-27T06:03:50.039147+00:00,1,100,12923,15360
2026-09-27T06:03:51.102930+00:00,0,100,12923,15360
2026-09-27T06:03:51.102930+00:00,1,100,12923,15360
2026-09-27T06:03:52.168783+00:00,0,100,12923,15360
2026-09-27T06:03:52.168783+00:00,1,100,12923,15360
2026-09-27T06:03:53.226456+00:00,0,100,12923,15360
2026-09-27T06:03:53.226456+00:00,1,100,12923,15360
2026-09-27T06:03:54.290780+00:00,0,100,12923,15360
2026-09-27T06:03:54.290780+00:00,1,100,12923,15360
2026-09-27T06:03:55.345293+00:00,0,100,12923,15360
2026-09-27T06:03:55.345293+00:00,1,100,12923,15360
2026-09-27T06:03:56.407148+00:00,0,100,12923,15360
2026-09-27T06:03:56.407148+00:00,1,100,12923,15360
2026-09-27T06:03:57.457562+00:00,0,100,12923,15360
2026-09-27T06:03:57.457562+00:00,1,100,12923,15360
2026-09-27T06:03:58.520282+00:00,0,100,12923,15360
2026-09-27T06:03:58.520282+00:00,1,100,12923,15360
2026-09-27T06:03:59.567789+00:00,0,100,12923,15360
2026-09-27T06:03:59.567789+00:00,1,100,12923,15360
2026-09-27T06:04:00.618233+00:00,0,100,12923,15360
2026-09-27T06:04:00.618233+00:00,1,100,12923,15360
2026-09-27T06:04:01.674811+00:00,0,100,12923,15360
2026-09-27T06:04:01.674811+00:00,1,100,12923,15360
2026-09-27T06:04:02.735790+00:00,0,100,12923,15360
2026-09-27T06:04:02.735790+00:00,1,100,12923,15360
2026-09-27T06:04:03.799475+00:00,0,100,12923,15360
2026-09-27T06:04:03.799475+00:00,1,100,12923,15360
2026-09-27T06:04:04.856873+00:00,0,100,12923,15360
2026-09-27T06:04:04.856873+00:00,1,100,12923,15360
2026-09-27T06:04:05.922772+00:00,0,100,12923,15360
2026-09-27T06:04:05.922772+00:00,1,100,12923,15360
2026-09-27T06:04:06.981060+00:00,0,100,12923,15360
2026-09-27T06:04:06.981060+00:00,1,100,12923,15360
2026-09-27T06:04:08.045786+00:00,0,100,12923,15360
2026-09-27T06:04:08.045786+00:00,1,100,12923,15360
2026-09-27T06:04:09.103861+00:00,0,100,12923,15360
2026-09-27T06:04:09.103861+00:00,1,100,12923,15360
2026-09-27T06:04:10.160861+00:00,0,100,12923,15360
2026-09-27T06:04:10.160861+00:00,1,100,12923,15360
2026-09-27T06:04:11.217006+00:00,0,100,12923,15360
2026-09-27T06:04:11.217006+00:00,1,100,12923,15360
2026-09-27T06:04:12.265984+00:00,0,100,12923,15360
2026-09-27T06:04:12.265984+00:00,1,100,12923,15360
2026-09-27T06:04:13.321810+00:00,0,100,12923,15360
2026-09-27T06:04:13.321810+00:00,1,100,12923,15360
2026-09-27T06:04:14.375790+00:00,0,100,12923,15360
2026-09-27T06:04:14.375790+00:00,1,100,12923,15360
2026-09-27T06:04:15.432633+00:00,0,100,12923,15360
2026-09-27T06:04:15.432633+00:00,1,100,12923,15360
2026-09-27T06:04:16.486573+00:00,0,99,12923,15360
2026-09-27T06:04:16.486573+00:00,1,99,12923,15360
2026-09-27T06:04:17.538015+00:00,0,99,12923,15360
2026-09-27T06:04:17.538015+00:00,1,100,12923,15360
2026-09-27T06:04:18.594559+00:00,0,100,12923,15360
2026-09-27T06:04:18.594559+00:00,1,100,12923,15360
2026-09-27T06:04:19.643779+00:00,0,99,12923,15360
2026-09-27T06:04:19.643779+00:00,1,99,12923,15360
2026-09-27T06:04:20.701575+00:00,0,99,12923,15360
2026-09-27T06:04:20.701575+00:00,1,99,12923,15360
2026-09-27T06:04:21.754661+00:00,0,99,12923,15360
2026-09-27T06:04:21.754661+00:00,1,99,12923,15360
2026-09-27T06:04:22.810613+00:00,0,99,12923,15360
2026-09-27T06:04:22.810613+00:00,1,99,12923,15360
2026-09-27T06:04:23.858804+00:00,0,0,12923,15360
2026-09-27T06:04:23.858804+00:00,1,0,12923,15360
2026-09-27T06:04:24.897530+00:00,0,0,12923,15360
2026-09-27T06:04:24.897530+00:00,1,0,12923,15360
2026-09-27T06:04:25.936668+00:00,0,0,12923,15360
2026-09-27T06:04:25.936668+00:00,1,0,12923,15360
2026-09-27T06:04:26.975493+00:00,0,0,12923,15360
2026-09-27T06:04:26.975493+00:00,1,0,12923,15360
2026-09-27T06:04:28.014327+00:00,0,0,12923,15360
2026-09-27T06:04:28.014327+00:00,1,0,12923,15360
2026-09-27T06:04:29.052607+00:00,0,0,12923,15360
2026-09-27T06:04:29.052607+00:00,1,0,12923,15360
2026-09-27T06:04:30.091392+00:00,0,0,12923,15360
2026-09-27T06:04:30.091392+00:00,1,0,12923,15360
2026-09-27T06:04:31.129942+00:00,0,0,12923,15360
2026-09-27T06:04:31.129942+00:00,1,0,12923,15360
2026-09-27T06:04:32.168169+00:00,0,0,12923,15360
2026-09-27T06:04:32.168169+00:00,1,0,12923,15360
2026-09-27T06:04:33.206687+00:00,0,0,12923,15360
2026-09-27T06:04:33.206687+00:00,1,0,12923,15360
2026-09-27T06:04:34.246035+00:00,0,0,12923,15360
2026-09-27T06:04:34.246035+00:00,1,0,12923,15360
2026-09-27T06:04:35.284777+00:00,0,0,12923,15360
2026-09-27T06:04:35.284777+00:00,1,0,12923,15360
2026-09-27T06:04:36.322587+00:00,0,0,12923,15360
2026-09-27T06:04:36.322587+00:00,1,0,12923,15360
2026-09-27T06:04:37.361898+00:00,0,0,12923,15360
2026-09-27T06:04:37.361898+00:00,1,0,12923,15360
2026-09-27T06:04:38.400592+00:00,0,0,12923,15360
2026-09-27T06:04:38.400592+00:00,1,0,12923,15360
2026-09-27T06:04:39.458033+00:00,0,0,12923,15360
2026-09-27T06:04:39.458033+00:00,1,0,12923,15360
2026-09-27T06:04:40.496341+00:00,0,0,12923,15360
2026-09-27T06:04:40.496341+00:00,1,0,12923,15360
2026-09-27T06:04:41.533873+00:00,0,0,12923,15360
2026-09-27T06:04:41.533873+00:00,1,0,12923,15360
2026-09-27T06:04:42.572218+00:00,0,0,12923,15360
2026-09-27T06:04:42.572218+00:00,1,0,12923,15360
2026-09-27T06:04:43.610385+00:00,0,0,12923,15360
2026-09-27T06:04:43.610385+00:00,1,0,12923,15360
2026-09-27T06:04:44.649616+00:00,0,0,12923,15360
2026-09-27T06:04:44.649616+00:00,1,0,12923,15360
2026-09-27T06:04:45.687558+00:00,0,0,12923,15360
2026-09-27T06:04:45.687558+00:00,1,0,12923,15360
2026-09-27T06:04:46.725656+00:00,0,0,12923,15360
2026-09-27T06:04:46.725656+00:00,1,0,12923,15360
2026-09-27T06:04:47.762822+00:00,0,0,12923,15360
2026-09-27T06:04:47.762822+00:00,1,0,12923,15360
2026-09-27T06:04:48.799893+00:00,0,0,12923,15360
2026-09-27T06:04:48.799893+00:00,1,0,12923,15360
2026-09-27T06:04:49.842956+00:00,0,0,12923,15360
2026-09-27T06:04:49.842956+00:00,1,0,12923,15360
2026-09-27T06:04:50.880920+00:00,0,0,12923,15360
2026-09-27T06:04:50.880920+00:00,1,0,12923,15360
2026-09-27T06:04:51.935369+00:00,0,99,12923,15360
2026-09-27T06:04:51.935369+00:00,1,99,12923,15360
2026-09-27T06:04:52.992406+00:00,0,97,12923,15360
2026-09-27T06:04:52.992406+00:00,1,99,12923,15360
2026-09-27T06:04:54.043810+00:00,0,99,12923,15360
2026-09-27T06:04:54.043810+00:00,1,99,12923,15360
2026-09-27T06:04:55.093621+00:00,0,97,12923,15360
2026-09-27T06:04:55.093621+00:00,1,98,12923,15360
2026-09-27T06:04:56.144328+00:00,0,99,12923,15360
2026-09-27T06:04:56.144328+00:00,1,99,12923,15360
2026-09-27T06:04:57.191542+00:00,0,99,12923,15360
2026-09-27T06:04:57.191542+00:00,1,99,12923,15360
2026-09-27T06:04:58.246837+00:00,0,99,12923,15360
2026-09-27T06:04:58.246837+00:00,1,99,12923,15360
2026-09-27T06:04:59.304629+00:00,0,99,12923,15360
2026-09-27T06:04:59.304629+00:00,1,99,12923,15360
2026-09-27T06:05:00.365862+00:00,0,99,12923,15360
2026-09-27T06:05:00.365862+00:00,1,99,12923,15360
2026-09-27T06:05:01.421817+00:00,0,99,12923,15360
2026-09-27T06:05:01.421817+00:00,1,99,12923,15360
2026-09-27T06:05:02.487859+00:00,0,99,12923,15360
2026-09-27T06:05:02.487859+00:00,1,99,12923,15360
2026-09-27T06:05:03.546356+00:00,0,99,12923,15360
2026-09-27T06:05:03.546356+00:00,1,99,12923,15360
2026-09-27T06:05:04.607100+00:00,0,99,12923,15360
2026-09-27T06:05:04.607100+00:00,1,99,12923,15360
2026-09-27T06:05:05.663791+00:00,0,99,12923,15360
2026-09-27T06:05:05.663791+00:00,1,99,12923,15360
2026-09-27T06:05:06.720914+00:00,0,99,12923,15360
2026-09-27T06:05:06.720914+00:00,1,99,12923,15360
2026-09-27T06:05:07.777870+00:00,0,99,12923,15360
2026-09-27T06:05:07.777870+00:00,1,99,12923,15360
2026-09-27T06:05:08.838622+00:00,0,99,12923,15360
2026-09-27T06:05:08.838622+00:00,1,99,12923,15360
2026-09-27T06:05:09.890131+00:00,0,99,12923,15360
2026-09-27T06:05:09.890131+00:00,1,99,12923,15360
2026-09-27T06:05:10.946093+00:00,0,99,12923,15360
2026-09-27T06:05:10.946093+00:00,1,99,12923,15360
2026-09-27T06:05:12.013789+00:00,0,99,12923,15360
2026-09-27T06:05:12.013789+00:00,1,99,12923,15360
2026-09-27T06:05:13.079117+00:00,0,99,12923,15360
2026-09-27T06:05:13.079117+00:00,1,99,12923,15360
2026-09-27T06:05:14.136839+00:00,0,99,12923,15360
2026-09-27T06:05:14.136839+00:00,1,99,12923,15360
2026-09-27T06:05:15.202167+00:00,0,99,12923,15360
2026-09-27T06:05:15.202167+00:00,1,99,12923,15360
2026-09-27T06:05:16.257808+00:00,0,99,12923,15360
2026-09-27T06:05:16.257808+00:00,1,99,12923,15360
2026-09-27T06:05:17.316788+00:00,0,99,12923,15360
2026-09-27T06:05:17.316788+00:00,1,99,12923,15360
2026-09-27T06:05:18.373935+00:00,0,100,12923,15360
2026-09-27T06:05:18.373935+00:00,1,100,12923,15360
2026-09-27T06:05:19.435236+00:00,0,99,12923,15360
2026-09-27T06:05:19.435236+00:00,1,100,12923,15360
2026-09-27T06:05:20.487144+00:00,0,100,12923,15360
2026-09-27T06:05:20.487144+00:00,1,100,12923,15360
2026-09-27T06:05:21.534797+00:00,0,100,12923,15360
2026-09-27T06:05:21.534797+00:00,1,100,12923,15360
2026-09-27T06:05:22.590922+00:00,0,100,12923,15360
2026-09-27T06:05:22.590922+00:00,1,100,12923,15360
2026-09-27T06:05:23.651348+00:00,0,99,12923,15360
2026-09-27T06:05:23.651348+00:00,1,100,12923,15360
2026-09-27T06:05:24.710602+00:00,0,100,12923,15360
2026-09-27T06:05:24.710602+00:00,1,100,12923,15360
2026-09-27T06:05:25.770585+00:00,0,99,12923,15360
2026-09-27T06:05:25.770585+00:00,1,99,12923,15360
2026-09-27T06:05:26.824774+00:00,0,99,12923,15360
2026-09-27T06:05:26.824774+00:00,1,99,12923,15360
2026-09-27T06:05:27.887826+00:00,0,99,12923,15360
2026-09-27T06:05:27.887826+00:00,1,99,12923,15360
2026-09-27T06:05:28.937160+00:00,0,100,12923,15360
2026-09-27T06:05:28.937160+00:00,1,99,12923,15360
2026-09-27T06:05:29.985027+00:00,0,100,12923,15360
2026-09-27T06:05:29.985027+00:00,1,100,12923,15360
2026-09-27T06:05:31.040566+00:00,0,100,12923,15360
2026-09-27T06:05:31.040566+00:00,1,100,12923,15360
2026-09-27T06:05:32.099406+00:00,0,100,12923,15360
2026-09-27T06:05:32.099406+00:00,1,100,12923,15360
2026-09-27T06:05:33.154961+00:00,0,100,12923,15360
2026-09-27T06:05:33.154961+00:00,1,100,12923,15360
2026-09-27T06:05:34.208819+00:00,0,100,12923,15360
2026-09-27T06:05:34.208819+00:00,1,100,12923,15360
2026-09-27T06:05:35.262476+00:00,0,100,12923,15360
2026-09-27T06:05:35.262476+00:00,1,100,12923,15360
2026-09-27T06:05:36.312585+00:00,0,100,12923,15360
2026-09-27T06:05:36.312585+00:00,1,100,12923,15360
2026-09-27T06:05:37.372776+00:00,0,100,12923,15360
2026-09-27T06:05:37.372776+00:00,1,100,12923,15360
2026-09-27T06:05:38.427530+00:00,0,100,12923,15360
2026-09-27T06:05:38.427530+00:00,1,100,12923,15360
2026-09-27T06:05:39.501155+00:00,0,100,12923,15360
2026-09-27T06:05:39.501155+00:00,1,100,12923,15360
2026-09-27T06:05:40.563652+00:00,0,100,12923,15360
2026-09-27T06:05:40.563652+00:00,1,100,12923,15360
2026-09-27T06:05:41.612685+00:00,0,100,12923,15360
2026-09-27T06:05:41.612685+00:00,1,100,12923,15360
2026-09-27T06:05:42.666468+00:00,0,100,12923,15360
2026-09-27T06:05:42.666468+00:00,1,100,12923,15360
2026-09-27T06:05:43.716789+00:00,0,100,12923,15360
2026-09-27T06:05:43.716789+00:00,1,100,12923,15360
2026-09-27T06:05:44.778324+00:00,0,100,12923,15360
2026-09-27T06:05:44.778324+00:00,1,100,12923,15360
2026-09-27T06:05:45.835827+00:00,0,100,12923,15360
2026-09-27T06:05:45.835827+00:00,1,100,12923,15360
2026-09-27T06:05:46.892022+00:00,0,100,12923,15360
2026-09-27T06:05:46.892022+00:00,1,100,12923,15360
2026-09-27T06:05:47.953210+00:00,0,100,12923,15360
2026-09-27T06:05:47.953210+00:00,1,100,12923,15360
2026-09-27T06:05:49.011817+00:00,0,100,12923,15360
2026-09-27T06:05:49.011817+00:00,1,100,12923,15360
2026-09-27T06:05:50.066813+00:00,0,100,12923,15360
2026-09-27T06:05:50.066813+00:00,1,100,12923,15360
2026-09-27T06:05:51.118180+00:00,0,99,12923,15360
2026-09-27T06:05:51.118180+00:00,1,99,12923,15360
2026-09-27T06:05:52.174836+00:00,0,99,12923,15360
2026-09-27T06:05:52.174836+00:00,1,100,12923,15360
2026-09-27T06:05:53.231785+00:00,0,99,12923,15360
2026-09-27T06:05:53.231785+00:00,1,100,12923,15360
2026-09-27T06:05:54.294851+00:00,0,99,12923,15360
2026-09-27T06:05:54.294851+00:00,1,100,12923,15360
2026-09-27T06:05:55.354805+00:00,0,99,12923,15360
2026-09-27T06:05:55.354805+00:00,1,100,12923,15360
2026-09-27T06:05:56.419829+00:00,0,99,12923,15360
2026-09-27T06:05:56.419829+00:00,1,99,12923,15360
2026-09-27T06:05:57.480793+00:00,0,99,12923,15360
2026-09-27T06:05:57.480793+00:00,1,99,12923,15360
2026-09-27T06:05:58.533239+00:00,0,99,12923,15360
2026-09-27T06:05:58.533239+00:00,1,99,12923,15360
2026-09-27T06:05:59.579791+00:00,0,0,12923,15360
2026-09-27T06:05:59.579791+00:00,1,3,12923,15360
2026-09-27T06:06:00.625868+00:00,0,0,12923,15360
2026-09-27T06:06:00.625868+00:00,1,0,12923,15360
2026-09-27T06:06:01.665135+00:00,0,0,12923,15360
2026-09-27T06:06:01.665135+00:00,1,0,12923,15360
2026-09-27T06:06:02.703566+00:00,0,0,12923,15360
2026-09-27T06:06:02.703566+00:00,1,0,12923,15360
2026-09-27T06:06:03.741809+00:00,0,0,12923,15360
2026-09-27T06:06:03.741809+00:00,1,0,12923,15360
2026-09-27T06:06:04.779945+00:00,0,0,12923,15360
2026-09-27T06:06:04.779945+00:00,1,0,12923,15360
2026-09-27T06:06:05.818416+00:00,0,0,12923,15360
2026-09-27T06:06:05.818416+00:00,1,0,12923,15360
2026-09-27T06:06:06.857948+00:00,0,0,12923,15360
2026-09-27T06:06:06.857948+00:00,1,0,12923,15360
2026-09-27T06:06:07.896690+00:00,0,0,12923,15360
2026-09-27T06:06:07.896690+00:00,1,0,12923,15360
2026-09-27T06:06:08.935494+00:00,0,0,12923,15360
2026-09-27T06:06:08.935494+00:00,1,0,12923,15360
2026-09-27T06:06:09.974305+00:00,0,0,12923,15360
2026-09-27T06:06:09.974305+00:00,1,0,12923,15360
2026-09-27T06:06:11.013391+00:00,0,0,12923,15360
2026-09-27T06:06:11.013391+00:00,1,0,12923,15360
2026-09-27T06:06:12.051772+00:00,0,0,12923,15360
2026-09-27T06:06:12.051772+00:00,1,0,12923,15360
2026-09-27T06:06:13.089958+00:00,0,0,12923,15360
2026-09-27T06:06:13.089958+00:00,1,0,12923,15360
2026-09-27T06:06:14.129265+00:00,0,0,12923,15360
2026-09-27T06:06:14.129265+00:00,1,0,12923,15360
2026-09-27T06:06:15.167637+00:00,0,0,12923,15360
2026-09-27T06:06:15.167637+00:00,1,0,12923,15360
2026-09-27T06:06:16.205856+00:00,0,0,12923,15360
2026-09-27T06:06:16.205856+00:00,1,0,12923,15360
2026-09-27T06:06:17.244070+00:00,0,0,12923,15360
2026-09-27T06:06:17.244070+00:00,1,0,12923,15360
2026-09-27T06:06:18.294335+00:00,0,0,12923,15360
2026-09-27T06:06:18.294335+00:00,1,0,12923,15360
2026-09-27T06:06:19.332503+00:00,0,0,12923,15360
2026-09-27T06:06:19.332503+00:00,1,0,12923,15360
2026-09-27T06:06:20.370924+00:00,0,0,12923,15360
2026-09-27T06:06:20.370924+00:00,1,0,12923,15360
2026-09-27T06:06:21.408650+00:00,0,0,12923,15360
2026-09-27T06:06:21.408650+00:00,1,0,12923,15360
2026-09-27T06:06:22.446160+00:00,0,0,12923,15360
2026-09-27T06:06:22.446160+00:00,1,0,12923,15360
2026-09-27T06:06:23.484579+00:00,0,0,12923,15360
2026-09-27T06:06:23.484579+00:00,1,0,12923,15360
2026-09-27T06:06:24.523488+00:00,0,0,12923,15360
2026-09-27T06:06:24.523488+00:00,1,0,12923,15360
2026-09-27T06:06:25.561340+00:00,0,0,12923,15360
2026-09-27T06:06:25.561340+00:00,1,0,12923,15360
2026-09-27T06:06:26.600025+00:00,0,0,12923,15360
2026-09-27T06:06:26.600025+00:00,1,0,12923,15360
2026-09-27T06:06:27.654566+00:00,0,97,12923,15360
2026-09-27T06:06:27.654566+00:00,1,36,12923,15360
2026-09-27T06:06:28.710049+00:00,0,99,12923,15360
2026-09-27T06:06:28.710049+00:00,1,99,12923,15360
2026-09-27T06:06:29.772821+00:00,0,97,12923,15360
2026-09-27T06:06:29.772821+00:00,1,99,12923,15360
2026-09-27T06:06:30.841855+00:00,0,99,12923,15360
2026-09-27T06:06:30.841855+00:00,1,99,12923,15360
2026-09-27T06:06:31.893917+00:00,0,98,12923,15360
2026-09-27T06:06:31.893917+00:00,1,99,12923,15360
2026-09-27T06:06:32.956895+00:00,0,99,12923,15360
2026-09-27T06:06:32.956895+00:00,1,99,12923,15360
2026-09-27T06:06:34.008911+00:00,0,99,12923,15360
2026-09-27T06:06:34.008911+00:00,1,99,12923,15360
2026-09-27T06:06:35.067308+00:00,0,99,12923,15360
2026-09-27T06:06:35.067308+00:00,1,99,12923,15360
2026-09-27T06:06:36.121082+00:00,0,99,12923,15360
2026-09-27T06:06:36.121082+00:00,1,99,12923,15360
2026-09-27T06:06:37.179582+00:00,0,99,12923,15360
2026-09-27T06:06:37.179582+00:00,1,99,12923,15360
2026-09-27T06:06:38.240268+00:00,0,99,12923,15360
2026-09-27T06:06:38.240268+00:00,1,99,12923,15360
2026-09-27T06:06:39.295449+00:00,0,99,12923,15360
2026-09-27T06:06:39.295449+00:00,1,99,12923,15360
2026-09-27T06:06:40.349257+00:00,0,99,12923,15360
2026-09-27T06:06:40.349257+00:00,1,99,12923,15360
2026-09-27T06:06:41.408476+00:00,0,99,12923,15360
2026-09-27T06:06:41.408476+00:00,1,99,12923,15360
2026-09-27T06:06:42.465546+00:00,0,99,12923,15360
2026-09-27T06:06:42.465546+00:00,1,99,12923,15360
2026-09-27T06:06:43.524999+00:00,0,99,12923,15360
2026-09-27T06:06:43.524999+00:00,1,99,12923,15360
2026-09-27T06:06:44.583230+00:00,0,99,12923,15360
2026-09-27T06:06:44.583230+00:00,1,99,12923,15360
2026-09-27T06:06:45.631216+00:00,0,99,12923,15360
2026-09-27T06:06:45.631216+00:00,1,99,12923,15360
2026-09-27T06:06:46.685393+00:00,0,99,12923,15360
2026-09-27T06:06:46.685393+00:00,1,99,12923,15360
2026-09-27T06:06:47.745777+00:00,0,99,12923,15360
2026-09-27T06:06:47.745777+00:00,1,99,12923,15360
2026-09-27T06:06:48.803591+00:00,0,99,12923,15360
2026-09-27T06:06:48.803591+00:00,1,99,12923,15360
2026-09-27T06:06:49.879816+00:00,0,99,12923,15360
2026-09-27T06:06:49.879816+00:00,1,99,12923,15360
2026-09-27T06:06:50.935800+00:00,0,99,12923,15360
2026-09-27T06:06:50.935800+00:00,1,99,12923,15360
2026-09-27T06:06:51.990883+00:00,0,99,12923,15360
2026-09-27T06:06:51.990883+00:00,1,99,12923,15360
2026-09-27T06:06:53.051766+00:00,0,99,12923,15360
2026-09-27T06:06:53.051766+00:00,1,99,12923,15360
2026-09-27T06:06:54.111827+00:00,0,99,12923,15360
2026-09-27T06:06:54.111827+00:00,1,100,12923,15360
2026-09-27T06:06:55.169450+00:00,0,100,12923,15360
2026-09-27T06:06:55.169450+00:00,1,99,12923,15360
2026-09-27T06:06:56.225857+00:00,0,99,12923,15360
2026-09-27T06:06:56.225857+00:00,1,99,12923,15360
2026-09-27T06:06:57.287068+00:00,0,100,12923,15360
2026-09-27T06:06:57.287068+00:00,1,100,12923,15360
2026-09-27T06:06:58.348513+00:00,0,100,12923,15360
2026-09-27T06:06:58.348513+00:00,1,100,12923,15360
2026-09-27T06:06:59.398221+00:00,0,99,12923,15360
2026-09-27T06:06:59.398221+00:00,1,99,12923,15360
2026-09-27T06:07:00.454732+00:00,0,100,12923,15360
2026-09-27T06:07:00.454732+00:00,1,100,12923,15360
2026-09-27T06:07:01.510806+00:00,0,99,12923,15360
2026-09-27T06:07:01.510806+00:00,1,99,12923,15360
2026-09-27T06:07:02.563811+00:00,0,99,12923,15360
2026-09-27T06:07:02.563811+00:00,1,99,12923,15360
2026-09-27T06:07:03.619179+00:00,0,99,12923,15360
2026-09-27T06:07:03.619179+00:00,1,99,12923,15360
2026-09-27T06:07:04.677467+00:00,0,99,12923,15360
2026-09-27T06:07:04.677467+00:00,1,99,12923,15360
2026-09-27T06:07:05.745791+00:00,0,99,12923,15360
2026-09-27T06:07:05.745791+00:00,1,100,12923,15360
2026-09-27T06:07:06.807253+00:00,0,100,12923,15360
2026-09-27T06:07:06.807253+00:00,1,100,12923,15360
2026-09-27T06:07:07.863885+00:00,0,100,12923,15360
2026-09-27T06:07:07.863885+00:00,1,100,12923,15360
2026-09-27T06:07:08.918806+00:00,0,100,12923,15360
2026-09-27T06:07:08.918806+00:00,1,100,12923,15360
2026-09-27T06:07:09.966722+00:00,0,100,12923,15360
2026-09-27T06:07:09.966722+00:00,1,100,12923,15360
2026-09-27T06:07:11.021289+00:00,0,100,12923,15360
2026-09-27T06:07:11.021289+00:00,1,100,12923,15360
2026-09-27T06:07:12.075041+00:00,0,100,12923,15360
2026-09-27T06:07:12.075041+00:00,1,100,12923,15360
2026-09-27T06:07:13.132858+00:00,0,100,12923,15360
2026-09-27T06:07:13.132858+00:00,1,100,12923,15360
2026-09-27T06:07:14.194789+00:00,0,100,12923,15360
2026-09-27T06:07:14.194789+00:00,1,100,12923,15360
2026-09-27T06:07:15.255230+00:00,0,100,12923,15360
2026-09-27T06:07:15.255230+00:00,1,100,12923,15360
2026-09-27T06:07:16.304773+00:00,0,100,12923,15360
2026-09-27T06:07:16.304773+00:00,1,100,12923,15360
2026-09-27T06:07:17.355601+00:00,0,100,12923,15360
2026-09-27T06:07:17.355601+00:00,1,100,12923,15360
2026-09-27T06:07:18.401852+00:00,0,100,12923,15360
2026-09-27T06:07:18.401852+00:00,1,100,12923,15360
2026-09-27T06:07:19.464780+00:00,0,100,12923,15360
2026-09-27T06:07:19.464780+00:00,1,100,12923,15360
2026-09-27T06:07:20.530384+00:00,0,100,12923,15360
2026-09-27T06:07:20.530384+00:00,1,100,12923,15360
2026-09-27T06:07:21.577187+00:00,0,100,12923,15360
2026-09-27T06:07:21.577187+00:00,1,100,12923,15360
2026-09-27T06:07:22.633803+00:00,0,100,12923,15360
2026-09-27T06:07:22.633803+00:00,1,100,12923,15360
2026-09-27T06:07:23.687240+00:00,0,100,12923,15360
2026-09-27T06:07:23.687240+00:00,1,100,12923,15360
2026-09-27T06:07:24.746977+00:00,0,100,12923,15360
2026-09-27T06:07:24.746977+00:00,1,100,12923,15360
2026-09-27T06:07:25.801810+00:00,0,100,12923,15360
2026-09-27T06:07:25.801810+00:00,1,100,12923,15360
2026-09-27T06:07:26.855807+00:00,0,100,12923,15360
2026-09-27T06:07:26.855807+00:00,1,100,12923,15360
2026-09-27T06:07:27.918782+00:00,0,100,12923,15360
2026-09-27T06:07:27.918782+00:00,1,99,12923,15360
2026-09-27T06:07:28.980778+00:00,0,99,12923,15360
2026-09-27T06:07:28.980778+00:00,1,99,12923,15360
2026-09-27T06:07:30.036076+00:00,0,100,12923,15360
2026-09-27T06:07:30.036076+00:00,1,100,12923,15360
2026-09-27T06:07:31.089189+00:00,0,99,12923,15360
2026-09-27T06:07:31.089189+00:00,1,100,12923,15360
2026-09-27T06:07:32.149304+00:00,0,99,12923,15360
2026-09-27T06:07:32.149304+00:00,1,99,12923,15360
2026-09-27T06:07:33.208811+00:00,0,99,12923,15360
2026-09-27T06:07:33.208811+00:00,1,99,12923,15360
2026-09-27T06:07:34.258300+00:00,0,99,12923,15360
2026-09-27T06:07:34.258300+00:00,1,99,12923,15360
2026-09-27T06:07:35.305812+00:00,0,98,12923,15360
2026-09-27T06:07:35.305812+00:00,1,70,12923,15360
2026-09-27T06:07:36.341154+00:00,0,0,12923,15360
2026-09-27T06:07:36.341154+00:00,1,0,12923,15360
2026-09-27T06:07:37.379848+00:00,0,0,12923,15360
2026-09-27T06:07:37.379848+00:00,1,0,12923,15360
2026-09-27T06:07:38.417559+00:00,0,0,12923,15360
2026-09-27T06:07:38.417559+00:00,1,0,12923,15360
2026-09-27T06:07:39.459485+00:00,0,0,12923,15360
2026-09-27T06:07:39.459485+00:00,1,0,12923,15360
2026-09-27T06:07:40.498355+00:00,0,0,12923,15360
2026-09-27T06:07:40.498355+00:00,1,0,12923,15360
2026-09-27T06:07:41.536493+00:00,0,0,12923,15360
2026-09-27T06:07:41.536493+00:00,1,0,12923,15360
2026-09-27T06:07:42.575441+00:00,0,0,12923,15360
2026-09-27T06:07:42.575441+00:00,1,0,12923,15360
2026-09-27T06:07:43.614209+00:00,0,0,12923,15360
2026-09-27T06:07:43.614209+00:00,1,0,12923,15360
2026-09-27T06:07:44.652468+00:00,0,0,12923,15360
2026-09-27T06:07:44.652468+00:00,1,0,12923,15360
2026-09-27T06:07:45.690622+00:00,0,0,12923,15360
2026-09-27T06:07:45.690622+00:00,1,0,12923,15360
2026-09-27T06:07:46.728885+00:00,0,0,12923,15360
2026-09-27T06:07:46.728885+00:00,1,0,12923,15360
2026-09-27T06:07:47.766568+00:00,0,0,12923,15360
2026-09-27T06:07:47.766568+00:00,1,0,12923,15360
2026-09-27T06:07:48.804405+00:00,0,0,12923,15360
2026-09-27T06:07:48.804405+00:00,1,0,12923,15360
2026-09-27T06:07:49.849002+00:00,0,0,12923,15360
2026-09-27T06:07:49.849002+00:00,1,0,12923,15360
2026-09-27T06:07:50.887513+00:00,0,0,12923,15360
2026-09-27T06:07:50.887513+00:00,1,0,12923,15360
2026-09-27T06:07:51.925187+00:00,0,0,12923,15360
2026-09-27T06:07:51.925187+00:00,1,0,12923,15360
2026-09-27T06:07:52.963442+00:00,0,0,12923,15360
2026-09-27T06:07:52.963442+00:00,1,0,12923,15360
2026-09-27T06:07:54.001452+00:00,0,0,12923,15360
2026-09-27T06:07:54.001452+00:00,1,0,12923,15360
2026-09-27T06:07:55.039457+00:00,0,0,12923,15360
2026-09-27T06:07:55.039457+00:00,1,0,12923,15360
2026-09-27T06:07:56.077188+00:00,0,0,12923,15360
2026-09-27T06:07:56.077188+00:00,1,0,12923,15360
2026-09-27T06:07:57.114937+00:00,0,0,12923,15360
2026-09-27T06:07:57.114937+00:00,1,0,12923,15360
2026-09-27T06:07:58.153697+00:00,0,0,12923,15360
2026-09-27T06:07:58.153697+00:00,1,0,12923,15360
2026-09-27T06:07:59.193065+00:00,0,0,12923,15360
2026-09-27T06:07:59.193065+00:00,1,0,12923,15360
2026-09-27T06:08:00.231513+00:00,0,0,12923,15360
2026-09-27T06:08:00.231513+00:00,1,0,12923,15360
2026-09-27T06:08:01.269374+00:00,0,0,12923,15360
2026-09-27T06:08:01.269374+00:00,1,0,12923,15360
2026-09-27T06:08:02.307948+00:00,0,0,12923,15360
2026-09-27T06:08:02.307948+00:00,1,0,12923,15360
2026-09-27T06:08:03.359680+00:00,0,58,12923,15360
2026-09-27T06:08:03.359680+00:00,1,93,12923,15360
2026-09-27T06:08:04.414057+00:00,0,95,12923,15360
2026-09-27T06:08:04.414057+00:00,1,99,12923,15360
2026-09-27T06:08:05.469526+00:00,0,99,12923,15360
2026-09-27T06:08:05.469526+00:00,1,99,12923,15360
2026-09-27T06:08:06.528449+00:00,0,99,12923,15360
2026-09-27T06:08:06.528449+00:00,1,99,12923,15360
2026-09-27T06:08:07.592827+00:00,0,99,12923,15360
2026-09-27T06:08:07.592827+00:00,1,99,12923,15360
2026-09-27T06:08:08.646189+00:00,0,99,12923,15360
2026-09-27T06:08:08.646189+00:00,1,99,12923,15360
2026-09-27T06:08:09.697298+00:00,0,99,12923,15360
2026-09-27T06:08:09.697298+00:00,1,99,12923,15360
2026-09-27T06:08:10.751975+00:00,0,99,12923,15360
2026-09-27T06:08:10.751975+00:00,1,99,12923,15360
2026-09-27T06:08:11.804044+00:00,0,100,12923,15360
2026-09-27T06:08:11.804044+00:00,1,100,12923,15360
2026-09-27T06:08:12.857792+00:00,0,100,12923,15360
2026-09-27T06:08:12.857792+00:00,1,100,12923,15360
2026-09-27T06:08:13.913087+00:00,0,100,12923,15360
2026-09-27T06:08:13.913087+00:00,1,100,12923,15360
2026-09-27T06:08:14.967551+00:00,0,100,12923,15360
2026-09-27T06:08:14.967551+00:00,1,100,12923,15360
2026-09-27T06:08:16.037127+00:00,0,100,12923,15360
2026-09-27T06:08:16.037127+00:00,1,100,12923,15360
2026-09-27T06:08:17.094140+00:00,0,100,12923,15360
2026-09-27T06:08:17.094140+00:00,1,100,12923,15360
2026-09-27T06:08:18.148314+00:00,0,100,12923,15360
2026-09-27T06:08:18.148314+00:00,1,100,12923,15360
2026-09-27T06:08:19.212615+00:00,0,100,12923,15360
2026-09-27T06:08:19.212615+00:00,1,100,12923,15360
2026-09-27T06:08:20.275814+00:00,0,100,12923,15360
2026-09-27T06:08:20.275814+00:00,1,100,12923,15360
2026-09-27T06:08:21.342605+00:00,0,100,12923,15360
2026-09-27T06:08:21.342605+00:00,1,100,12923,15360
2026-09-27T06:08:22.393812+00:00,0,100,12923,15360
2026-09-27T06:08:22.393812+00:00,1,100,12923,15360
2026-09-27T06:08:23.452349+00:00,0,100,12923,15360
2026-09-27T06:08:23.452349+00:00,1,100,12923,15360
2026-09-27T06:08:24.516182+00:00,0,100,12923,15360
2026-09-27T06:08:24.516182+00:00,1,100,12923,15360
2026-09-27T06:08:25.576274+00:00,0,100,12923,15360
2026-09-27T06:08:25.576274+00:00,1,100,12923,15360
2026-09-27T06:08:26.636830+00:00,0,100,12923,15360
2026-09-27T06:08:26.636830+00:00,1,100,12923,15360
2026-09-27T06:08:27.698174+00:00,0,100,12947,15360
2026-09-27T06:08:27.698174+00:00,1,100,12947,15360
2026-09-27T06:08:28.754367+00:00,0,100,12947,15360
2026-09-27T06:08:28.754367+00:00,1,100,12947,15360
2026-09-27T06:08:29.830357+00:00,0,100,12947,15360
2026-09-27T06:08:29.830357+00:00,1,100,12947,15360
2026-09-27T06:08:30.882950+00:00,0,100,12947,15360
2026-09-27T06:08:30.882950+00:00,1,100,12947,15360
2026-09-27T06:08:31.947801+00:00,0,100,12947,15360
2026-09-27T06:08:31.947801+00:00,1,100,12947,15360
2026-09-27T06:08:33.005549+00:00,0,100,12947,15360
2026-09-27T06:08:33.005549+00:00,1,100,12947,15360
2026-09-27T06:08:34.073171+00:00,0,100,12947,15360
2026-09-27T06:08:34.073171+00:00,1,100,12947,15360
2026-09-27T06:08:35.129914+00:00,0,100,12947,15360
2026-09-27T06:08:35.129914+00:00,1,100,12947,15360
2026-09-27T06:08:36.178953+00:00,0,100,12947,15360
2026-09-27T06:08:36.178953+00:00,1,100,12947,15360
2026-09-27T06:08:37.228154+00:00,0,100,12947,15360
2026-09-27T06:08:37.228154+00:00,1,100,12947,15360
2026-09-27T06:08:38.284127+00:00,0,100,12947,15360
2026-09-27T06:08:38.284127+00:00,1,100,12947,15360
2026-09-27T06:08:39.332982+00:00,0,100,12947,15360
2026-09-27T06:08:39.332982+00:00,1,100,12947,15360
2026-09-27T06:08:40.395811+00:00,0,100,12947,15360
2026-09-27T06:08:40.395811+00:00,1,100,12947,15360
2026-09-27T06:08:41.447610+00:00,0,100,12947,15360
2026-09-27T06:08:41.447610+00:00,1,100,12947,15360
2026-09-27T06:08:42.508083+00:00,0,100,12947,15360
2026-09-27T06:08:42.508083+00:00,1,100,12947,15360
2026-09-27T06:08:43.555952+00:00,0,100,12947,15360
2026-09-27T06:08:43.555952+00:00,1,100,12947,15360
2026-09-27T06:08:44.612957+00:00,0,100,12947,15360
2026-09-27T06:08:44.612957+00:00,1,100,12947,15360
2026-09-27T06:08:45.665854+00:00,0,100,12947,15360
2026-09-27T06:08:45.665854+00:00,1,100,12947,15360
2026-09-27T06:08:46.715771+00:00,0,100,12947,15360
2026-09-27T06:08:46.715771+00:00,1,100,12947,15360
2026-09-27T06:08:47.780210+00:00,0,100,12947,15360
2026-09-27T06:08:47.780210+00:00,1,100,12947,15360
2026-09-27T06:08:48.826789+00:00,0,100,12947,15360
2026-09-27T06:08:48.826789+00:00,1,100,12947,15360
2026-09-27T06:08:49.900200+00:00,0,100,12947,15360
2026-09-27T06:08:49.900200+00:00,1,100,12947,15360
2026-09-27T06:08:50.962790+00:00,0,100,12947,15360
2026-09-27T06:08:50.962790+00:00,1,100,12947,15360
2026-09-27T06:08:52.013879+00:00,0,100,12947,15360
2026-09-27T06:08:52.013879+00:00,1,100,12947,15360
2026-09-27T06:08:53.062998+00:00,0,99,12947,15360
2026-09-27T06:08:53.062998+00:00,1,99,12947,15360
2026-09-27T06:08:54.106824+00:00,0,0,12947,15360
2026-09-27T06:08:54.106824+00:00,1,0,12947,15360
2026-09-27T06:08:55.142240+00:00,0,0,12947,15360
2026-09-27T06:08:55.142240+00:00,1,0,12947,15360
2026-09-27T06:08:56.187242+00:00,0,0,12947,15360
2026-09-27T06:08:56.187242+00:00,1,0,12947,15360
2026-09-27T06:08:57.225672+00:00,0,0,12947,15360
2026-09-27T06:08:57.225672+00:00,1,0,12947,15360
2026-09-27T06:08:58.263646+00:00,0,0,12947,15360
2026-09-27T06:08:58.263646+00:00,1,0,12947,15360
2026-09-27T06:08:59.303268+00:00,0,0,12947,15360
2026-09-27T06:08:59.303268+00:00,1,0,12947,15360
2026-09-27T06:09:00.342003+00:00,0,0,12947,15360
2026-09-27T06:09:00.342003+00:00,1,0,12947,15360
2026-09-27T06:09:01.380497+00:00,0,0,12947,15360
2026-09-27T06:09:01.380497+00:00,1,0,12947,15360
2026-09-27T06:09:02.418093+00:00,0,0,12947,15360
2026-09-27T06:09:02.418093+00:00,1,0,12947,15360
2026-09-27T06:09:03.455659+00:00,0,0,12947,15360
2026-09-27T06:09:03.455659+00:00,1,0,12947,15360
2026-09-27T06:09:04.493848+00:00,0,0,12947,15360
2026-09-27T06:09:04.493848+00:00,1,0,12947,15360
2026-09-27T06:09:05.532611+00:00,0,0,12947,15360
2026-09-27T06:09:05.532611+00:00,1,0,12947,15360
2026-09-27T06:09:06.571065+00:00,0,0,12947,15360
2026-09-27T06:09:06.571065+00:00,1,0,12947,15360
2026-09-27T06:09:07.609468+00:00,0,0,12947,15360
2026-09-27T06:09:07.609468+00:00,1,0,12947,15360
2026-09-27T06:09:08.647777+00:00,0,0,12947,15360
2026-09-27T06:09:08.647777+00:00,1,0,12947,15360
2026-09-27T06:09:09.685812+00:00,0,0,12947,15360
2026-09-27T06:09:09.685812+00:00,1,0,12947,15360
2026-09-27T06:09:10.724374+00:00,0,0,12947,15360
2026-09-27T06:09:10.724374+00:00,1,0,12947,15360
2026-09-27T06:09:11.762981+00:00,0,0,12947,15360
2026-09-27T06:09:11.762981+00:00,1,0,12947,15360
2026-09-27T06:09:12.801962+00:00,0,0,12947,15360
2026-09-27T06:09:12.801962+00:00,1,0,12947,15360
2026-09-27T06:09:13.840775+00:00,0,0,12947,15360
2026-09-27T06:09:13.840775+00:00,1,0,12947,15360
2026-09-27T06:09:14.880921+00:00,0,0,12947,15360
2026-09-27T06:09:14.880921+00:00,1,0,12947,15360
2026-09-27T06:09:15.919969+00:00,0,0,12947,15360
2026-09-27T06:09:15.919969+00:00,1,0,12947,15360
2026-09-27T06:09:16.958868+00:00,0,0,12947,15360
2026-09-27T06:09:16.958868+00:00,1,0,12947,15360
2026-09-27T06:09:17.997258+00:00,0,0,12947,15360
2026-09-27T06:09:17.997258+00:00,1,0,12947,15360
2026-09-27T06:09:19.034825+00:00,0,0,12947,15360
2026-09-27T06:09:19.034825+00:00,1,0,12947,15360
2026-09-27T06:09:20.073901+00:00,0,0,12947,15360
2026-09-27T06:09:20.073901+00:00,1,0,12947,15360
2026-09-27T06:09:21.111682+00:00,0,0,12947,15360
2026-09-27T06:09:21.111682+00:00,1,0,12947,15360
2026-09-27T06:09:22.164385+00:00,0,95,12947,15360
2026-09-27T06:09:22.164385+00:00,1,99,12947,15360
2026-09-27T06:09:23.221563+00:00,0,98,12947,15360
2026-09-27T06:09:23.221563+00:00,1,99,12947,15360
2026-09-27T06:09:24.278355+00:00,0,99,12947,15360
2026-09-27T06:09:24.278355+00:00,1,99,12947,15360
2026-09-27T06:09:25.333765+00:00,0,99,12947,15360
2026-09-27T06:09:25.333765+00:00,1,99,12947,15360
2026-09-27T06:09:26.387478+00:00,0,99,12947,15360
2026-09-27T06:09:26.387478+00:00,1,99,12947,15360
2026-09-27T06:09:27.444371+00:00,0,99,12947,15360
2026-09-27T06:09:27.444371+00:00,1,99,12947,15360
2026-09-27T06:09:28.498161+00:00,0,99,12947,15360
2026-09-27T06:09:28.498161+00:00,1,99,12947,15360
2026-09-27T06:09:29.548839+00:00,0,99,12947,15360
2026-09-27T06:09:29.548839+00:00,1,99,12947,15360
2026-09-27T06:09:30.602144+00:00,0,100,12947,15360
2026-09-27T06:09:30.602144+00:00,1,100,12947,15360
2026-09-27T06:09:31.662994+00:00,0,100,12947,15360
2026-09-27T06:09:31.662994+00:00,1,100,12947,15360
2026-09-27T06:09:32.720836+00:00,0,100,12947,15360
2026-09-27T06:09:32.720836+00:00,1,100,12947,15360
2026-09-27T06:09:33.774173+00:00,0,100,12947,15360
2026-09-27T06:09:33.774173+00:00,1,100,12947,15360
2026-09-27T06:09:34.827893+00:00,0,100,12947,15360
2026-09-27T06:09:34.827893+00:00,1,100,12947,15360
2026-09-27T06:09:35.888831+00:00,0,100,12947,15360
2026-09-27T06:09:35.888831+00:00,1,100,12947,15360
2026-09-27T06:09:36.947879+00:00,0,100,12947,15360
2026-09-27T06:09:36.947879+00:00,1,100,12947,15360
2026-09-27T06:09:38.000327+00:00,0,100,12947,15360
2026-09-27T06:09:38.000327+00:00,1,100,12947,15360
2026-09-27T06:09:39.062386+00:00,0,100,12947,15360
2026-09-27T06:09:39.062386+00:00,1,100,12947,15360
2026-09-27T06:09:40.120844+00:00,0,100,12947,15360
2026-09-27T06:09:40.120844+00:00,1,100,12947,15360
2026-09-27T06:09:41.183951+00:00,0,100,12947,15360
2026-09-27T06:09:41.183951+00:00,1,100,12947,15360
2026-09-27T06:09:42.239003+00:00,0,100,12947,15360
2026-09-27T06:09:42.239003+00:00,1,100,12947,15360
2026-09-27T06:09:43.301825+00:00,0,100,12947,15360
2026-09-27T06:09:43.301825+00:00,1,100,12947,15360
2026-09-27T06:09:44.350791+00:00,0,100,12947,15360
2026-09-27T06:09:44.350791+00:00,1,100,12947,15360
2026-09-27T06:09:45.400815+00:00,0,100,12947,15360
2026-09-27T06:09:45.400815+00:00,1,100,12947,15360
2026-09-27T06:09:46.461065+00:00,0,100,12947,15360
2026-09-27T06:09:46.461065+00:00,1,100,12947,15360
2026-09-27T06:09:47.510992+00:00,0,100,12947,15360
2026-09-27T06:09:47.510992+00:00,1,100,12947,15360
2026-09-27T06:09:48.569169+00:00,0,100,12947,15360
2026-09-27T06:09:48.569169+00:00,1,100,12947,15360
2026-09-27T06:09:49.625828+00:00,0,100,12947,15360
2026-09-27T06:09:49.625828+00:00,1,100,12947,15360
2026-09-27T06:09:50.684975+00:00,0,100,12947,15360
2026-09-27T06:09:50.684975+00:00,1,100,12947,15360
2026-09-27T06:09:51.744820+00:00,0,100,12947,15360
2026-09-27T06:09:51.744820+00:00,1,100,12947,15360
2026-09-27T06:09:52.799835+00:00,0,100,12947,15360
2026-09-27T06:09:52.799835+00:00,1,100,12947,15360
2026-09-27T06:09:53.845411+00:00,0,100,12947,15360
2026-09-27T06:09:53.845411+00:00,1,100,12947,15360
2026-09-27T06:09:54.907330+00:00,0,100,12947,15360
2026-09-27T06:09:54.907330+00:00,1,100,12947,15360
2026-09-27T06:09:55.957538+00:00,0,100,12947,15360
2026-09-27T06:09:55.957538+00:00,1,100,12947,15360
2026-09-27T06:09:57.015851+00:00,0,100,12947,15360
2026-09-27T06:09:57.015851+00:00,1,100,12947,15360
2026-09-27T06:09:58.071796+00:00,0,100,12947,15360
2026-09-27T06:09:58.071796+00:00,1,100,12947,15360
2026-09-27T06:09:59.127429+00:00,0,100,12947,15360
2026-09-27T06:09:59.127429+00:00,1,100,12947,15360
2026-09-27T06:10:00.173846+00:00,0,100,12947,15360
2026-09-27T06:10:00.173846+00:00,1,100,12947,15360
2026-09-27T06:10:01.237797+00:00,0,100,12947,15360
2026-09-27T06:10:01.237797+00:00,1,100,12947,15360
2026-09-27T06:10:02.296322+00:00,0,100,12947,15360
2026-09-27T06:10:02.296322+00:00,1,100,12947,15360
2026-09-27T06:10:03.347881+00:00,0,100,12947,15360
2026-09-27T06:10:03.347881+00:00,1,100,12947,15360
2026-09-27T06:10:04.403545+00:00,0,100,12947,15360
2026-09-27T06:10:04.403545+00:00,1,100,12947,15360
2026-09-27T06:10:05.453775+00:00,0,100,12947,15360
2026-09-27T06:10:05.453775+00:00,1,100,12947,15360
2026-09-27T06:10:06.501622+00:00,0,100,12947,15360
2026-09-27T06:10:06.501622+00:00,1,100,12947,15360
2026-09-27T06:10:07.553397+00:00,0,100,12947,15360
2026-09-27T06:10:07.553397+00:00,1,100,12947,15360
2026-09-27T06:10:08.610780+00:00,0,100,12947,15360
2026-09-27T06:10:08.610780+00:00,1,100,12947,15360
2026-09-27T06:10:09.665762+00:00,0,100,12947,15360
2026-09-27T06:10:09.665762+00:00,1,100,12947,15360
2026-09-27T06:10:10.717843+00:00,0,99,12947,15360
2026-09-27T06:10:10.717843+00:00,1,99,12947,15360
2026-09-27T06:10:11.768654+00:00,0,99,12947,15360
2026-09-27T06:10:11.768654+00:00,1,62,12947,15360
2026-09-27T06:10:12.803522+00:00,0,0,12947,15360
2026-09-27T06:10:12.803522+00:00,1,0,12947,15360
2026-09-27T06:10:13.842334+00:00,0,0,12947,15360
2026-09-27T06:10:13.842334+00:00,1,0,12947,15360
2026-09-27T06:10:14.881095+00:00,0,0,12947,15360
2026-09-27T06:10:14.881095+00:00,1,0,12947,15360
2026-09-27T06:10:15.919278+00:00,0,0,12947,15360
2026-09-27T06:10:15.919278+00:00,1,0,12947,15360
2026-09-27T06:10:16.957270+00:00,0,0,12947,15360
2026-09-27T06:10:16.957270+00:00,1,0,12947,15360
2026-09-27T06:10:17.995100+00:00,0,0,12947,15360
2026-09-27T06:10:17.995100+00:00,1,0,12947,15360
2026-09-27T06:10:19.033502+00:00,0,0,12947,15360
2026-09-27T06:10:19.033502+00:00,1,0,12947,15360
2026-09-27T06:10:20.071616+00:00,0,0,12947,15360
2026-09-27T06:10:20.071616+00:00,1,0,12947,15360
2026-09-27T06:10:21.109884+00:00,0,0,12947,15360
2026-09-27T06:10:21.109884+00:00,1,0,12947,15360
2026-09-27T06:10:22.148665+00:00,0,0,12947,15360
2026-09-27T06:10:22.148665+00:00,1,0,12947,15360
2026-09-27T06:10:23.186861+00:00,0,0,12947,15360
2026-09-27T06:10:23.186861+00:00,1,0,12947,15360
2026-09-27T06:10:24.225069+00:00,0,0,12947,15360
2026-09-27T06:10:24.225069+00:00,1,0,12947,15360
2026-09-27T06:10:25.263423+00:00,0,0,12947,15360
2026-09-27T06:10:25.263423+00:00,1,0,12947,15360
2026-09-27T06:10:26.301345+00:00,0,0,12947,15360
2026-09-27T06:10:26.301345+00:00,1,0,12947,15360
2026-09-27T06:10:27.339308+00:00,0,0,12947,15360
2026-09-27T06:10:27.339308+00:00,1,0,12947,15360
2026-09-27T06:10:28.377765+00:00,0,0,12947,15360
2026-09-27T06:10:28.377765+00:00,1,0,12947,15360
2026-09-27T06:10:29.416199+00:00,0,0,12947,15360
2026-09-27T06:10:29.416199+00:00,1,0,12947,15360
2026-09-27T06:10:30.464175+00:00,0,0,12947,15360
2026-09-27T06:10:30.464175+00:00,1,0,12947,15360
2026-09-27T06:10:31.502313+00:00,0,0,12947,15360
2026-09-27T06:10:31.502313+00:00,1,0,12947,15360
2026-09-27T06:10:32.540972+00:00,0,0,12947,15360
2026-09-27T06:10:32.540972+00:00,1,0,12947,15360
2026-09-27T06:10:33.578860+00:00,0,0,12947,15360
2026-09-27T06:10:33.578860+00:00,1,0,12947,15360
2026-09-27T06:10:34.617102+00:00,0,0,12947,15360
2026-09-27T06:10:34.617102+00:00,1,0,12947,15360
2026-09-27T06:10:35.655099+00:00,0,0,12947,15360
2026-09-27T06:10:35.655099+00:00,1,0,12947,15360
2026-09-27T06:10:36.693166+00:00,0,0,12947,15360
2026-09-27T06:10:36.693166+00:00,1,0,12947,15360
2026-09-27T06:10:37.731288+00:00,0,0,12947,15360
2026-09-27T06:10:37.731288+00:00,1,0,12947,15360
2026-09-27T06:10:38.769176+00:00,0,0,12947,15360
2026-09-27T06:10:38.769176+00:00,1,0,12947,15360
2026-09-27T06:10:39.823255+00:00,0,99,12947,15360
2026-09-27T06:10:39.823255+00:00,1,99,12947,15360
2026-09-27T06:10:40.882241+00:00,0,99,12947,15360
2026-09-27T06:10:40.882241+00:00,1,99,12947,15360
2026-09-27T06:10:41.941854+00:00,0,97,12947,15360
2026-09-27T06:10:41.941854+00:00,1,99,12947,15360
2026-09-27T06:10:42.999857+00:00,0,99,12947,15360
2026-09-27T06:10:42.999857+00:00,1,99,12947,15360
2026-09-27T06:10:44.055863+00:00,0,99,12947,15360
2026-09-27T06:10:44.055863+00:00,1,99,12947,15360
2026-09-27T06:10:45.115790+00:00,0,99,12947,15360
2026-09-27T06:10:45.115790+00:00,1,99,12947,15360
2026-09-27T06:10:46.176857+00:00,0,99,12947,15360
2026-09-27T06:10:46.176857+00:00,1,99,12947,15360
2026-09-27T06:10:47.237287+00:00,0,99,12947,15360
2026-09-27T06:10:47.237287+00:00,1,99,12947,15360
2026-09-27T06:10:48.292865+00:00,0,100,12947,15360
2026-09-27T06:10:48.292865+00:00,1,100,12947,15360
2026-09-27T06:10:49.349888+00:00,0,100,12947,15360
2026-09-27T06:10:49.349888+00:00,1,100,12947,15360
2026-09-27T06:10:50.408840+00:00,0,100,12947,15360
2026-09-27T06:10:50.408840+00:00,1,100,12947,15360
2026-09-27T06:10:51.472828+00:00,0,100,12947,15360
2026-09-27T06:10:51.472828+00:00,1,100,12947,15360
2026-09-27T06:10:52.530459+00:00,0,100,12947,15360
2026-09-27T06:10:52.530459+00:00,1,100,12947,15360
2026-09-27T06:10:53.591605+00:00,0,100,12947,15360
2026-09-27T06:10:53.591605+00:00,1,100,12947,15360
2026-09-27T06:10:54.651995+00:00,0,100,12947,15360
2026-09-27T06:10:54.651995+00:00,1,100,12947,15360
2026-09-27T06:10:55.710188+00:00,0,100,12947,15360
2026-09-27T06:10:55.710188+00:00,1,100,12947,15360
2026-09-27T06:10:56.770453+00:00,0,100,12947,15360
2026-09-27T06:10:56.770453+00:00,1,100,12947,15360
2026-09-27T06:10:57.817432+00:00,0,100,12947,15360
2026-09-27T06:10:57.817432+00:00,1,100,12947,15360
2026-09-27T06:10:58.880830+00:00,0,100,12947,15360
2026-09-27T06:10:58.880830+00:00,1,100,12947,15360
2026-09-27T06:10:59.932481+00:00,0,100,12947,15360
2026-09-27T06:10:59.932481+00:00,1,100,12947,15360
2026-09-27T06:11:01.005815+00:00,0,100,12947,15360
2026-09-27T06:11:01.005815+00:00,1,100,12947,15360
2026-09-27T06:11:02.066619+00:00,0,100,12947,15360
2026-09-27T06:11:02.066619+00:00,1,100,12947,15360
2026-09-27T06:11:03.121530+00:00,0,100,12947,15360
2026-09-27T06:11:03.121530+00:00,1,100,12947,15360
2026-09-27T06:11:04.174979+00:00,0,100,12947,15360
2026-09-27T06:11:04.174979+00:00,1,100,12947,15360
2026-09-27T06:11:05.235001+00:00,0,100,12947,15360
2026-09-27T06:11:05.235001+00:00,1,100,12947,15360
2026-09-27T06:11:06.292104+00:00,0,100,12947,15360
2026-09-27T06:11:06.292104+00:00,1,100,12947,15360
2026-09-27T06:11:07.337844+00:00,0,100,12947,15360
2026-09-27T06:11:07.337844+00:00,1,100,12947,15360
2026-09-27T06:11:08.399744+00:00,0,100,12947,15360
2026-09-27T06:11:08.399744+00:00,1,100,12947,15360
2026-09-27T06:11:09.463016+00:00,0,100,12947,15360
2026-09-27T06:11:09.463016+00:00,1,100,12947,15360
2026-09-27T06:11:10.523226+00:00,0,100,12947,15360
2026-09-27T06:11:10.523226+00:00,1,100,12947,15360
2026-09-27T06:11:11.585127+00:00,0,100,12947,15360
2026-09-27T06:11:11.585127+00:00,1,100,12947,15360
2026-09-27T06:11:12.638650+00:00,0,100,12947,15360
2026-09-27T06:11:12.638650+00:00,1,100,12947,15360
2026-09-27T06:11:13.685028+00:00,0,100,12947,15360
2026-09-27T06:11:13.685028+00:00,1,100,12947,15360
2026-09-27T06:11:14.742605+00:00,0,100,12947,15360
2026-09-27T06:11:14.742605+00:00,1,100,12947,15360
2026-09-27T06:11:15.799695+00:00,0,100,12947,15360
2026-09-27T06:11:15.799695+00:00,1,100,12947,15360
2026-09-27T06:11:16.862807+00:00,0,100,12947,15360
2026-09-27T06:11:16.862807+00:00,1,100,12947,15360
2026-09-27T06:11:17.917038+00:00,0,100,12947,15360
2026-09-27T06:11:17.917038+00:00,1,100,12947,15360
2026-09-27T06:11:18.965813+00:00,0,100,12947,15360
2026-09-27T06:11:18.965813+00:00,1,100,12947,15360
2026-09-27T06:11:20.020636+00:00,0,100,12947,15360
2026-09-27T06:11:20.020636+00:00,1,100,12947,15360
2026-09-27T06:11:21.084073+00:00,0,100,12947,15360
2026-09-27T06:11:21.084073+00:00,1,100,12947,15360
2026-09-27T06:11:22.141877+00:00,0,100,12947,15360
2026-09-27T06:11:22.141877+00:00,1,100,12947,15360
2026-09-27T06:11:23.197306+00:00,0,100,12947,15360
2026-09-27T06:11:23.197306+00:00,1,100,12947,15360
2026-09-27T06:11:24.254306+00:00,0,100,12947,15360
2026-09-27T06:11:24.254306+00:00,1,100,12947,15360
2026-09-27T06:11:25.306210+00:00,0,100,12947,15360
2026-09-27T06:11:25.306210+00:00,1,100,12947,15360
2026-09-27T06:11:26.364601+00:00,0,100,12947,15360
2026-09-27T06:11:26.364601+00:00,1,100,12947,15360
2026-09-27T06:11:27.420284+00:00,0,100,12947,15360
2026-09-27T06:11:27.420284+00:00,1,100,12947,15360
2026-09-27T06:11:28.476195+00:00,0,99,12947,15360
2026-09-27T06:11:28.476195+00:00,1,100,12947,15360
2026-09-27T06:11:29.531788+00:00,0,99,12947,15360
2026-09-27T06:11:29.531788+00:00,1,99,12947,15360
2026-09-27T06:11:30.577802+00:00,0,0,12947,15360
2026-09-27T06:11:30.577802+00:00,1,0,12947,15360
2026-09-27T06:11:31.614806+00:00,0,0,12947,15360
2026-09-27T06:11:31.614806+00:00,1,0,12947,15360
2026-09-27T06:11:32.652191+00:00,0,0,12947,15360
2026-09-27T06:11:32.652191+00:00,1,0,12947,15360
2026-09-27T06:11:33.692636+00:00,0,0,12947,15360
2026-09-27T06:11:33.692636+00:00,1,0,12947,15360
2026-09-27T06:11:34.733597+00:00,0,0,12947,15360
2026-09-27T06:11:34.733597+00:00,1,0,12947,15360
2026-09-27T06:11:35.770890+00:00,0,0,12947,15360
2026-09-27T06:11:35.770890+00:00,1,0,12947,15360
2026-09-27T06:11:36.808425+00:00,0,0,12947,15360
2026-09-27T06:11:36.808425+00:00,1,0,12947,15360
2026-09-27T06:11:37.847137+00:00,0,0,12947,15360
2026-09-27T06:11:37.847137+00:00,1,0,12947,15360
2026-09-27T06:11:38.885882+00:00,0,0,12947,15360
2026-09-27T06:11:38.885882+00:00,1,0,12947,15360
2026-09-27T06:11:39.923997+00:00,0,0,12947,15360
2026-09-27T06:11:39.923997+00:00,1,0,12947,15360
2026-09-27T06:11:40.962551+00:00,0,0,12947,15360
2026-09-27T06:11:40.962551+00:00,1,0,12947,15360
2026-09-27T06:11:42.000810+00:00,0,0,12947,15360
2026-09-27T06:11:42.000810+00:00,1,0,12947,15360
2026-09-27T06:11:43.038991+00:00,0,0,12947,15360
2026-09-27T06:11:43.038991+00:00,1,0,12947,15360
2026-09-27T06:11:44.077609+00:00,0,0,12947,15360
2026-09-27T06:11:44.077609+00:00,1,0,12947,15360
2026-09-27T06:11:45.115122+00:00,0,0,12947,15360
2026-09-27T06:11:45.115122+00:00,1,0,12947,15360
2026-09-27T06:11:46.152863+00:00,0,0,12947,15360
2026-09-27T06:11:46.152863+00:00,1,0,12947,15360
2026-09-27T06:11:47.190684+00:00,0,0,12947,15360
2026-09-27T06:11:47.190684+00:00,1,0,12947,15360
2026-09-27T06:11:48.228656+00:00,0,0,12947,15360
2026-09-27T06:11:48.228656+00:00,1,0,12947,15360
2026-09-27T06:11:49.266754+00:00,0,0,12947,15360
2026-09-27T06:11:49.266754+00:00,1,0,12947,15360
2026-09-27T06:11:50.305009+00:00,0,0,12947,15360
2026-09-27T06:11:50.305009+00:00,1,0,12947,15360
2026-09-27T06:11:51.342688+00:00,0,0,12947,15360
2026-09-27T06:11:51.342688+00:00,1,0,12947,15360
2026-09-27T06:11:52.380588+00:00,0,0,12947,15360
2026-09-27T06:11:52.380588+00:00,1,0,12947,15360
2026-09-27T06:11:53.418633+00:00,0,0,12947,15360
2026-09-27T06:11:53.418633+00:00,1,0,12947,15360
2026-09-27T06:11:54.457137+00:00,0,0,12947,15360
2026-09-27T06:11:54.457137+00:00,1,0,12947,15360
2026-09-27T06:11:55.495271+00:00,0,0,12947,15360
2026-09-27T06:11:55.495271+00:00,1,0,12947,15360
2026-09-27T06:11:56.533025+00:00,0,0,12947,15360
2026-09-27T06:11:56.533025+00:00,1,0,12947,15360
2026-09-27T06:11:57.585964+00:00,0,0,12947,15360
2026-09-27T06:11:57.585964+00:00,1,28,12947,15360
2026-09-27T06:11:58.646605+00:00,0,94,12947,15360
2026-09-27T06:11:58.646605+00:00,1,99,12947,15360
2026-09-27T06:11:59.703848+00:00,0,99,12947,15360
2026-09-27T06:11:59.703848+00:00,1,99,12947,15360
2026-09-27T06:12:00.760759+00:00,0,99,12947,15360
2026-09-27T06:12:00.760759+00:00,1,99,12947,15360
2026-09-27T06:12:01.821146+00:00,0,99,12947,15360
2026-09-27T06:12:01.821146+00:00,1,99,12947,15360
2026-09-27T06:12:02.874188+00:00,0,99,12947,15360
2026-09-27T06:12:02.874188+00:00,1,99,12947,15360
2026-09-27T06:12:03.935913+00:00,0,100,12947,15360
2026-09-27T06:12:03.935913+00:00,1,100,12947,15360
2026-09-27T06:12:04.991145+00:00,0,100,12947,15360
2026-09-27T06:12:04.991145+00:00,1,100,12947,15360
2026-09-27T06:12:06.053811+00:00,0,100,12947,15360
2026-09-27T06:12:06.053811+00:00,1,100,12947,15360
2026-09-27T06:12:07.123821+00:00,0,100,12947,15360
2026-09-27T06:12:07.123821+00:00,1,100,12947,15360
2026-09-27T06:12:08.170796+00:00,0,100,12947,15360
2026-09-27T06:12:08.170796+00:00,1,100,12947,15360
2026-09-27T06:12:09.228190+00:00,0,100,12947,15360
2026-09-27T06:12:09.228190+00:00,1,100,12947,15360
2026-09-27T06:12:10.280792+00:00,0,100,12947,15360
2026-09-27T06:12:10.280792+00:00,1,100,12947,15360
2026-09-27T06:12:11.336079+00:00,0,100,12947,15360
2026-09-27T06:12:11.336079+00:00,1,100,12947,15360
2026-09-27T06:12:12.397830+00:00,0,100,12947,15360
2026-09-27T06:12:12.397830+00:00,1,100,12947,15360
2026-09-27T06:12:13.461848+00:00,0,100,12947,15360
2026-09-27T06:12:13.461848+00:00,1,100,12947,15360
2026-09-27T06:12:14.516155+00:00,0,100,12947,15360
2026-09-27T06:12:14.516155+00:00,1,100,12947,15360
2026-09-27T06:12:15.580824+00:00,0,100,12947,15360
2026-09-27T06:12:15.580824+00:00,1,100,12947,15360
2026-09-27T06:12:16.649495+00:00,0,100,12947,15360
2026-09-27T06:12:16.649495+00:00,1,100,12947,15360
2026-09-27T06:12:17.697813+00:00,0,100,12947,15360
2026-09-27T06:12:17.697813+00:00,1,100,12947,15360
2026-09-27T06:12:18.746801+00:00,0,100,12947,15360
2026-09-27T06:12:18.746801+00:00,1,100,12947,15360
2026-09-27T06:12:19.840138+00:00,0,100,12947,15360
2026-09-27T06:12:19.840138+00:00,1,100,12947,15360
2026-09-27T06:12:20.908606+00:00,0,100,12947,15360
2026-09-27T06:12:20.908606+00:00,1,100,12947,15360
2026-09-27T06:12:21.974332+00:00,0,100,12947,15360
2026-09-27T06:12:21.974332+00:00,1,100,12947,15360
2026-09-27T06:12:23.024788+00:00,0,100,12947,15360
2026-09-27T06:12:23.024788+00:00,1,100,12947,15360
2026-09-27T06:12:24.082585+00:00,0,100,12947,15360
2026-09-27T06:12:24.082585+00:00,1,100,12947,15360
2026-09-27T06:12:25.140581+00:00,0,100,12947,15360
2026-09-27T06:12:25.140581+00:00,1,100,12947,15360
2026-09-27T06:12:26.198849+00:00,0,100,12947,15360
2026-09-27T06:12:26.198849+00:00,1,100,12947,15360
2026-09-27T06:12:27.250729+00:00,0,100,12947,15360
2026-09-27T06:12:27.250729+00:00,1,100,12947,15360
2026-09-27T06:12:28.305781+00:00,0,100,12947,15360
2026-09-27T06:12:28.305781+00:00,1,100,12947,15360
2026-09-27T06:12:29.354757+00:00,0,100,12947,15360
2026-09-27T06:12:29.354757+00:00,1,100,12947,15360
2026-09-27T06:12:30.402818+00:00,0,100,12947,15360
2026-09-27T06:12:30.402818+00:00,1,100,12947,15360
2026-09-27T06:12:31.460025+00:00,0,100,12947,15360
2026-09-27T06:12:31.460025+00:00,1,100,12947,15360
2026-09-27T06:12:32.510841+00:00,0,100,12947,15360
2026-09-27T06:12:32.510841+00:00,1,100,12947,15360
2026-09-27T06:12:33.560829+00:00,0,100,12947,15360
2026-09-27T06:12:33.560829+00:00,1,100,12947,15360
2026-09-27T06:12:34.617925+00:00,0,100,12947,15360
2026-09-27T06:12:34.617925+00:00,1,100,12947,15360
2026-09-27T06:12:35.675791+00:00,0,100,12947,15360
2026-09-27T06:12:35.675791+00:00,1,100,12947,15360
2026-09-27T06:12:36.736189+00:00,0,100,12947,15360
2026-09-27T06:12:36.736189+00:00,1,100,12947,15360
2026-09-27T06:12:37.791125+00:00,0,100,12947,15360
2026-09-27T06:12:37.791125+00:00,1,100,12947,15360
2026-09-27T06:12:38.836788+00:00,0,100,12947,15360
2026-09-27T06:12:38.836788+00:00,1,100,12947,15360
2026-09-27T06:12:39.897940+00:00,0,100,12947,15360
2026-09-27T06:12:39.897940+00:00,1,100,12947,15360
2026-09-27T06:12:40.952289+00:00,0,100,12947,15360
2026-09-27T06:12:40.952289+00:00,1,100,12947,15360
2026-09-27T06:12:41.997783+00:00,0,100,12947,15360
2026-09-27T06:12:41.997783+00:00,1,100,12947,15360
2026-09-27T06:12:43.048154+00:00,0,99,12947,15360
2026-09-27T06:12:43.048154+00:00,1,99,12947,15360
2026-09-27T06:12:44.088517+00:00,0,0,12947,15360
2026-09-27T06:12:44.088517+00:00,1,0,12947,15360
2026-09-27T06:12:45.126334+00:00,0,0,12947,15360
2026-09-27T06:12:45.126334+00:00,1,0,12947,15360
2026-09-27T06:12:46.165048+00:00,0,0,12947,15360
2026-09-27T06:12:46.165048+00:00,1,0,12947,15360
2026-09-27T06:12:47.203084+00:00,0,0,12947,15360
2026-09-27T06:12:47.203084+00:00,1,0,12947,15360
2026-09-27T06:12:48.241196+00:00,0,0,12947,15360
2026-09-27T06:12:48.241196+00:00,1,0,12947,15360
2026-09-27T06:12:49.279563+00:00,0,0,12947,15360
2026-09-27T06:12:49.279563+00:00,1,0,12947,15360
2026-09-27T06:12:50.318056+00:00,0,0,12947,15360
2026-09-27T06:12:50.318056+00:00,1,0,12947,15360
2026-09-27T06:12:51.360484+00:00,0,0,12947,15360
2026-09-27T06:12:51.360484+00:00,1,0,12947,15360
2026-09-27T06:12:52.398533+00:00,0,0,12947,15360
2026-09-27T06:12:52.398533+00:00,1,0,12947,15360
2026-09-27T06:12:53.436016+00:00,0,0,12947,15360
2026-09-27T06:12:53.436016+00:00,1,0,12947,15360
2026-09-27T06:12:54.474581+00:00,0,0,12947,15360
2026-09-27T06:12:54.474581+00:00,1,0,12947,15360
2026-09-27T06:12:55.512696+00:00,0,0,12947,15360
2026-09-27T06:12:55.512696+00:00,1,0,12947,15360
2026-09-27T06:12:56.553289+00:00,0,0,12947,15360
2026-09-27T06:12:56.553289+00:00,1,0,12947,15360
2026-09-27T06:12:57.591238+00:00,0,0,12947,15360
2026-09-27T06:12:57.591238+00:00,1,0,12947,15360
2026-09-27T06:12:58.629222+00:00,0,0,12947,15360
2026-09-27T06:12:58.629222+00:00,1,0,12947,15360
2026-09-27T06:12:59.666777+00:00,0,0,12947,15360
2026-09-27T06:12:59.666777+00:00,1,0,12947,15360
2026-09-27T06:13:00.704955+00:00,0,0,12947,15360
2026-09-27T06:13:00.704955+00:00,1,0,12947,15360
2026-09-27T06:13:01.751377+00:00,0,0,12947,15360
2026-09-27T06:13:01.751377+00:00,1,0,12947,15360
2026-09-27T06:13:02.789384+00:00,0,0,12947,15360
2026-09-27T06:13:02.789384+00:00,1,0,12947,15360
2026-09-27T06:13:03.827345+00:00,0,0,12947,15360
2026-09-27T06:13:03.827345+00:00,1,0,12947,15360
2026-09-27T06:13:04.865305+00:00,0,0,12947,15360
2026-09-27T06:13:04.865305+00:00,1,0,12947,15360
2026-09-27T06:13:05.903732+00:00,0,0,12947,15360
2026-09-27T06:13:05.903732+00:00,1,0,12947,15360
2026-09-27T06:13:06.941101+00:00,0,0,12947,15360
2026-09-27T06:13:06.941101+00:00,1,0,12947,15360
2026-09-27T06:13:07.978724+00:00,0,0,12947,15360
2026-09-27T06:13:07.978724+00:00,1,0,12947,15360
2026-09-27T06:13:09.016468+00:00,0,0,12947,15360
2026-09-27T06:13:09.016468+00:00,1,0,12947,15360
2026-09-27T06:13:10.056104+00:00,0,0,12947,15360
2026-09-27T06:13:10.056104+00:00,1,0,12947,15360
2026-09-27T06:13:11.109833+00:00,0,99,12947,15360
2026-09-27T06:13:11.109833+00:00,1,99,12947,15360
2026-09-27T06:13:12.173102+00:00,0,99,12947,15360
2026-09-27T06:13:12.173102+00:00,1,99,12947,15360
2026-09-27T06:13:13.225278+00:00,0,98,12947,15360
2026-09-27T06:13:13.225278+00:00,1,99,12947,15360
2026-09-27T06:13:14.283742+00:00,0,99,12947,15360
2026-09-27T06:13:14.283742+00:00,1,99,12947,15360
2026-09-27T06:13:15.336805+00:00,0,99,12947,15360
2026-09-27T06:13:15.336805+00:00,1,99,12947,15360
2026-09-27T06:13:16.393803+00:00,0,95,12947,15360
2026-09-27T06:13:16.393803+00:00,1,99,12947,15360
2026-09-27T06:13:17.457589+00:00,0,100,12947,15360
2026-09-27T06:13:17.457589+00:00,1,99,12947,15360
2026-09-27T06:13:18.516085+00:00,0,100,12947,15360
2026-09-27T06:13:18.516085+00:00,1,100,12947,15360
2026-09-27T06:13:19.570517+00:00,0,100,12947,15360
2026-09-27T06:13:19.570517+00:00,1,100,12947,15360
2026-09-27T06:13:20.632810+00:00,0,100,12947,15360
2026-09-27T06:13:20.632810+00:00,1,100,12947,15360
2026-09-27T06:13:21.701649+00:00,0,100,12947,15360
2026-09-27T06:13:21.701649+00:00,1,100,12947,15360
2026-09-27T06:13:22.758923+00:00,0,100,12947,15360
2026-09-27T06:13:22.758923+00:00,1,100,12947,15360
2026-09-27T06:13:23.810778+00:00,0,100,12947,15360
2026-09-27T06:13:23.810778+00:00,1,100,12947,15360
2026-09-27T06:13:24.863025+00:00,0,100,12947,15360
2026-09-27T06:13:24.863025+00:00,1,100,12947,15360
2026-09-27T06:13:25.915797+00:00,0,100,12947,15360
2026-09-27T06:13:25.915797+00:00,1,100,12947,15360
2026-09-27T06:13:26.973672+00:00,0,100,12947,15360
2026-09-27T06:13:26.973672+00:00,1,100,12947,15360
2026-09-27T06:13:28.026833+00:00,0,100,12947,15360
2026-09-27T06:13:28.026833+00:00,1,100,12947,15360
2026-09-27T06:13:29.078974+00:00,0,100,12947,15360
2026-09-27T06:13:29.078974+00:00,1,100,12947,15360
2026-09-27T06:13:30.148602+00:00,0,100,12947,15360
2026-09-27T06:13:30.148602+00:00,1,100,12947,15360
2026-09-27T06:13:31.202399+00:00,0,100,12947,15360
2026-09-27T06:13:31.202399+00:00,1,100,12947,15360
2026-09-27T06:13:32.259295+00:00,0,100,12947,15360
2026-09-27T06:13:32.259295+00:00,1,100,12947,15360
2026-09-27T06:13:33.326903+00:00,0,100,12947,15360
2026-09-27T06:13:33.326903+00:00,1,100,12947,15360
2026-09-27T06:13:34.389817+00:00,0,100,12947,15360
2026-09-27T06:13:34.389817+00:00,1,100,12947,15360
2026-09-27T06:13:35.459820+00:00,0,100,12947,15360
2026-09-27T06:13:35.459820+00:00,1,100,12947,15360
2026-09-27T06:13:36.514744+00:00,0,100,12947,15360
2026-09-27T06:13:36.514744+00:00,1,100,12947,15360
2026-09-27T06:13:37.573644+00:00,0,100,12947,15360
2026-09-27T06:13:37.573644+00:00,1,100,12947,15360
2026-09-27T06:13:38.637300+00:00,0,100,12947,15360
2026-09-27T06:13:38.637300+00:00,1,100,12947,15360
2026-09-27T06:13:39.690799+00:00,0,100,12947,15360
2026-09-27T06:13:39.690799+00:00,1,100,12947,15360
2026-09-27T06:13:40.737807+00:00,0,100,12947,15360
2026-09-27T06:13:40.737807+00:00,1,100,12947,15360
2026-09-27T06:13:41.793783+00:00,0,100,12947,15360
2026-09-27T06:13:41.793783+00:00,1,100,12947,15360
2026-09-27T06:13:42.843795+00:00,0,100,12947,15360
2026-09-27T06:13:42.843795+00:00,1,100,12947,15360
2026-09-27T06:13:43.891892+00:00,0,100,12947,15360
2026-09-27T06:13:43.891892+00:00,1,100,12947,15360
2026-09-27T06:13:44.954879+00:00,0,100,12947,15360
2026-09-27T06:13:44.954879+00:00,1,100,12947,15360
2026-09-27T06:13:46.014794+00:00,0,100,12947,15360
2026-09-27T06:13:46.014794+00:00,1,100,12947,15360
2026-09-27T06:13:47.062821+00:00,0,100,12947,15360
2026-09-27T06:13:47.062821+00:00,1,100,12947,15360
2026-09-27T06:13:48.110118+00:00,0,100,12947,15360
2026-09-27T06:13:48.110118+00:00,1,100,12947,15360
2026-09-27T06:13:49.160221+00:00,0,100,12947,15360
2026-09-27T06:13:49.160221+00:00,1,100,12947,15360
2026-09-27T06:13:50.212822+00:00,0,100,12947,15360
2026-09-27T06:13:50.212822+00:00,1,100,12947,15360
2026-09-27T06:13:51.267184+00:00,0,100,12947,15360
2026-09-27T06:13:51.267184+00:00,1,100,12947,15360
2026-09-27T06:13:52.317797+00:00,0,100,12947,15360
2026-09-27T06:13:52.317797+00:00,1,100,12947,15360
2026-09-27T06:13:53.378823+00:00,0,100,12947,15360
2026-09-27T06:13:53.378823+00:00,1,100,12947,15360
2026-09-27T06:13:54.431841+00:00,0,100,12947,15360
2026-09-27T06:13:54.431841+00:00,1,100,12947,15360
2026-09-27T06:13:55.483739+00:00,0,99,12947,15360
2026-09-27T06:13:55.483739+00:00,1,100,12947,15360
2026-09-27T06:13:56.526852+00:00,0,0,12947,15360
2026-09-27T06:13:56.526852+00:00,1,17,12947,15360
2026-09-27T06:13:57.561932+00:00,0,0,12947,15360
2026-09-27T06:13:57.561932+00:00,1,0,12947,15360
2026-09-27T06:13:58.600080+00:00,0,0,12947,15360
2026-09-27T06:13:58.600080+00:00,1,0,12947,15360
2026-09-27T06:13:59.637774+00:00,0,0,12947,15360
2026-09-27T06:13:59.637774+00:00,1,0,12947,15360
2026-09-27T06:14:00.676164+00:00,0,0,12947,15360
2026-09-27T06:14:00.676164+00:00,1,0,12947,15360
2026-09-27T06:14:01.713931+00:00,0,0,12947,15360
2026-09-27T06:14:01.713931+00:00,1,0,12947,15360
2026-09-27T06:14:02.752136+00:00,0,0,12947,15360
2026-09-27T06:14:02.752136+00:00,1,0,12947,15360
2026-09-27T06:14:03.789566+00:00,0,0,12947,15360
2026-09-27T06:14:03.789566+00:00,1,0,12947,15360
2026-09-27T06:14:04.827768+00:00,0,0,12947,15360
2026-09-27T06:14:04.827768+00:00,1,0,12947,15360
2026-09-27T06:14:05.865963+00:00,0,0,12947,15360
2026-09-27T06:14:05.865963+00:00,1,0,12947,15360
2026-09-27T06:14:06.904133+00:00,0,0,12947,15360
2026-09-27T06:14:06.904133+00:00,1,0,12947,15360
2026-09-27T06:14:07.943030+00:00,0,0,12947,15360
2026-09-27T06:14:07.943030+00:00,1,0,12947,15360
2026-09-27T06:14:08.981003+00:00,0,0,12947,15360
2026-09-27T06:14:08.981003+00:00,1,0,12947,15360
2026-09-27T06:14:10.019871+00:00,0,0,12947,15360
2026-09-27T06:14:10.019871+00:00,1,0,12947,15360
2026-09-27T06:14:11.058229+00:00,0,0,12947,15360
2026-09-27T06:14:11.058229+00:00,1,0,12947,15360
2026-09-27T06:14:12.096072+00:00,0,0,12947,15360
2026-09-27T06:14:12.096072+00:00,1,0,12947,15360
2026-09-27T06:14:13.133834+00:00,0,0,12947,15360
2026-09-27T06:14:13.133834+00:00,1,0,12947,15360
2026-09-27T06:14:14.171589+00:00,0,0,12947,15360
2026-09-27T06:14:14.171589+00:00,1,0,12947,15360
2026-09-27T06:14:15.209613+00:00,0,0,12947,15360
2026-09-27T06:14:15.209613+00:00,1,0,12947,15360
2026-09-27T06:14:16.246961+00:00,0,0,12947,15360
2026-09-27T06:14:16.246961+00:00,1,0,12947,15360
2026-09-27T06:14:17.285111+00:00,0,0,12947,15360
2026-09-27T06:14:17.285111+00:00,1,0,12947,15360
2026-09-27T06:14:18.323867+00:00,0,0,12947,15360
2026-09-27T06:14:18.323867+00:00,1,0,12947,15360
2026-09-27T06:14:19.362652+00:00,0,0,12947,15360
2026-09-27T06:14:19.362652+00:00,1,0,12947,15360
2026-09-27T06:14:20.401245+00:00,0,0,12947,15360
2026-09-27T06:14:20.401245+00:00,1,0,12947,15360
2026-09-27T06:14:21.439161+00:00,0,0,12947,15360
2026-09-27T06:14:21.439161+00:00,1,0,12947,15360
2026-09-27T06:14:22.477148+00:00,0,0,12947,15360
2026-09-27T06:14:22.477148+00:00,1,0,12947,15360
2026-09-27T06:14:23.516008+00:00,0,0,12947,15360
2026-09-27T06:14:23.516008+00:00,1,0,12947,15360
2026-09-27T06:14:24.568792+00:00,0,96,12947,15360
2026-09-27T06:14:24.568792+00:00,1,99,12947,15360
2026-09-27T06:14:25.629099+00:00,0,99,12947,15360
2026-09-27T06:14:25.629099+00:00,1,99,12947,15360
2026-09-27T06:14:26.688806+00:00,0,99,12947,15360
2026-09-27T06:14:26.688806+00:00,1,96,12947,15360
2026-09-27T06:14:27.745859+00:00,0,99,12947,15360
2026-09-27T06:14:27.745859+00:00,1,99,12947,15360
2026-09-27T06:14:28.809833+00:00,0,99,12947,15360
2026-09-27T06:14:28.809833+00:00,1,99,12947,15360
2026-09-27T06:14:29.865367+00:00,0,100,12947,15360
2026-09-27T06:14:29.865367+00:00,1,100,12947,15360
2026-09-27T06:14:30.922845+00:00,0,100,12947,15360
2026-09-27T06:14:30.922845+00:00,1,100,12947,15360
2026-09-27T06:14:31.979807+00:00,0,100,12947,15360
2026-09-27T06:14:31.979807+00:00,1,100,12947,15360
2026-09-27T06:14:33.043179+00:00,0,100,12947,15360
2026-09-27T06:14:33.043179+00:00,1,100,12947,15360
2026-09-27T06:14:34.093054+00:00,0,100,12947,15360
2026-09-27T06:14:34.093054+00:00,1,100,12947,15360
2026-09-27T06:14:35.146949+00:00,0,100,12947,15360
2026-09-27T06:14:35.146949+00:00,1,100,12947,15360
2026-09-27T06:14:36.208831+00:00,0,100,12947,15360
2026-09-27T06:14:36.208831+00:00,1,100,12947,15360
2026-09-27T06:14:37.267838+00:00,0,100,12947,15360
2026-09-27T06:14:37.267838+00:00,1,100,12947,15360
2026-09-27T06:14:38.331764+00:00,0,100,12947,15360
2026-09-27T06:14:38.331764+00:00,1,100,12947,15360
2026-09-27T06:14:39.378812+00:00,0,100,12947,15360
2026-09-27T06:14:39.378812+00:00,1,100,12947,15360
2026-09-27T06:14:40.427114+00:00,0,100,12947,15360
2026-09-27T06:14:40.427114+00:00,1,100,12947,15360
2026-09-27T06:14:41.488920+00:00,0,100,12947,15360
2026-09-27T06:14:41.488920+00:00,1,100,12947,15360
2026-09-27T06:14:42.546239+00:00,0,100,12947,15360
2026-09-27T06:14:42.546239+00:00,1,100,12947,15360
2026-09-27T06:14:43.607691+00:00,0,100,12947,15360
2026-09-27T06:14:43.607691+00:00,1,100,12947,15360
2026-09-27T06:14:44.661772+00:00,0,100,12947,15360
2026-09-27T06:14:44.661772+00:00,1,100,12947,15360
2026-09-27T06:14:45.711807+00:00,0,100,12947,15360
2026-09-27T06:14:45.711807+00:00,1,100,12947,15360
2026-09-27T06:14:46.765602+00:00,0,100,12947,15360
2026-09-27T06:14:46.765602+00:00,1,100,12947,15360
2026-09-27T06:14:47.811819+00:00,0,100,12947,15360
2026-09-27T06:14:47.811819+00:00,1,100,12947,15360
2026-09-27T06:14:48.860789+00:00,0,100,12947,15360
2026-09-27T06:14:48.860789+00:00,1,100,12947,15360
2026-09-27T06:14:49.912385+00:00,0,100,12947,15360
2026-09-27T06:14:49.912385+00:00,1,100,12947,15360
2026-09-27T06:14:50.967796+00:00,0,100,12947,15360
2026-09-27T06:14:50.967796+00:00,1,100,12947,15360
2026-09-27T06:14:52.030801+00:00,0,100,12947,15360
2026-09-27T06:14:52.030801+00:00,1,100,12947,15360
2026-09-27T06:14:53.078082+00:00,0,100,12947,15360
2026-09-27T06:14:53.078082+00:00,1,100,12947,15360
2026-09-27T06:14:54.135977+00:00,0,100,12947,15360
2026-09-27T06:14:54.135977+00:00,1,100,12947,15360
2026-09-27T06:14:55.186294+00:00,0,100,12947,15360
2026-09-27T06:14:55.186294+00:00,1,100,12947,15360
2026-09-27T06:14:56.234141+00:00,0,100,12947,15360
2026-09-27T06:14:56.234141+00:00,1,100,12947,15360
2026-09-27T06:14:57.281879+00:00,0,100,12947,15360
2026-09-27T06:14:57.281879+00:00,1,100,12947,15360
2026-09-27T06:14:58.331815+00:00,0,100,12947,15360
2026-09-27T06:14:58.331815+00:00,1,100,12947,15360
2026-09-27T06:14:59.384333+00:00,0,100,12947,15360
2026-09-27T06:14:59.384333+00:00,1,100,12947,15360
2026-09-27T06:15:00.432952+00:00,0,100,12947,15360
2026-09-27T06:15:00.432952+00:00,1,100,12947,15360
2026-09-27T06:15:01.497813+00:00,0,100,12947,15360
2026-09-27T06:15:01.497813+00:00,1,100,12947,15360
2026-09-27T06:15:02.548075+00:00,0,100,12947,15360
2026-09-27T06:15:02.548075+00:00,1,100,12947,15360
2026-09-27T06:15:03.605456+00:00,0,100,12947,15360
2026-09-27T06:15:03.605456+00:00,1,100,12947,15360
2026-09-27T06:15:04.659770+00:00,0,100,12947,15360
2026-09-27T06:15:04.659770+00:00,1,100,12947,15360
2026-09-27T06:15:05.717780+00:00,0,100,12947,15360
2026-09-27T06:15:05.717780+00:00,1,100,12947,15360
2026-09-27T06:15:06.774536+00:00,0,100,12947,15360
2026-09-27T06:15:06.774536+00:00,1,100,12947,15360
2026-09-27T06:15:07.823337+00:00,0,100,12947,15360
2026-09-27T06:15:07.823337+00:00,1,100,12947,15360
2026-09-27T06:15:08.878350+00:00,0,99,12947,15360
2026-09-27T06:15:08.878350+00:00,1,100,12947,15360
2026-09-27T06:15:09.923832+00:00,0,43,12947,15360
2026-09-27T06:15:09.923832+00:00,1,61,12947,15360
